"","pc1_loadings","pc2_loadings","cartex_200gene"
"CFLAR",0.0466446362586468,-0.0339931227842659,"no"
"TFPI",0.0430280322442397,-0.00134212157716554,"no"
"THSD7A",0.0447715102907098,-0.0343842730617578,"no"
"AGK",0.0364178220780345,-0.06921391328183,"no"
"IDS",0.0449888858018015,0.0313248322097291,"no"
"IGF1",0.0434967015464364,-0.035540641615997,"yes"
"HGF",0.0304380658081837,0.0441673164264561,"no"
"RUNX3",0.0293920043508698,0.0409749274459958,"no"
"AGPAT4",0.0319567765215726,0.0255036101159127,"no"
"SH2D2A",0.0473488165310563,-0.0087463920259634,"no"
"ANK1",0.0440236823090861,-0.000316335249778451,"no"
"RNF19A",0.0438225613244778,-0.0135855069328744,"yes"
"DAPK2",0.0363714632173708,0.017646932871142,"yes"
"RAI14",0.0438710864290949,-0.014059639846367,"no"
"BARX2",0.0464036894443505,0.00118309744873053,"yes"
"CTNNA1",0.039728404856385,-0.0541480866563747,"no"
"SCML1",0.0362292185669742,-0.0335021226271828,"no"
"RRM2B",0.0439182294008822,-0.0200925703135123,"no"
"COL9A2",0.0459072182144909,-0.02839773480711,"yes"
"TNFRSF9",0.0393843820748238,-0.0107976788312199,"yes"
"LIMA1",0.0380299298108528,0.0616604842237691,"no"
"TNIP3",0.0465920010778626,-0.0170567750998057,"yes"
"BCAR1",0.0295382170741643,0.00592079117874631,"no"
"HERPUD1",0.0457038093692881,-0.0228061623719487,"no"
"PIK3CB",0.0367804528572158,-0.0348475177506158,"no"
"NNAT",0.0396874930824957,-0.0139470132112101,"no"
"ATP9A",0.0472081522928469,-0.02465963119149,"yes"
"TMCC3",0.0390041662959749,0.0564131994737926,"no"
"CAMK2B",0.0443199462341734,-0.0312094057925225,"no"
"CTDP1",0.0378385130653998,0.0496019608664866,"no"
"PTPRU",0.0437734662682333,-0.00379028964400285,"no"
"BCAT1",0.0456366238842833,-0.0281761580129815,"yes"
"MTHFD2",0.0430321150480416,-0.0541556324385844,"no"
"TIE1",0.0485729848514135,-0.0176317538870778,"yes"
"KLF6",0.0157863672111656,0.0972989977368876,"no"
"EVI5",0.0365628432150017,-0.0702952009635064,"yes"
"ACSL4",0.0365978142890827,-0.0720558579980436,"no"
"PTPN3",0.0485605738112603,-0.0167342043188439,"yes"
"ING3",0.0467221124774649,0.0332390497056166,"yes"
"VASH1",0.0410897811950372,-0.00742257883348766,"no"
"LMCD1",0.0381461529990025,-0.0502342945105417,"yes"
"CYBRD1",0.0390820304391929,-0.0361105864645896,"no"
"PVR",0.0417054567246282,-0.0406775772692872,"no"
"TP63",0.0470234965236931,0.00370744599732389,"yes"
"PTGS2",0.044338350459259,0.00338836382652224,"yes"
"EED",0.0420347641707429,-0.0331760463898907,"no"
"NUAK1",0.0381267805404867,0.0715288264402205,"no"
"LMAN1",0.0411870881864021,-0.0574284347902207,"no"
"PLD1",0.0417477970222323,-0.0397083777893564,"no"
"TRAF4",0.0338008197633601,-0.0214411343973971,"no"
"GPC4",0.0401730692261199,-0.0389608643855954,"no"
"NFKB2",0.0366807798372361,0.0297984217129016,"no"
"TP73",0.0279745938314632,0.0504097562422339,"no"
"MOXD1",0.0338026398531306,0.0756497773589063,"no"
"ARG2",0.0404159463611907,0.0101941044381224,"no"
"MEF2C",0.0431177144147805,0.00669361173938756,"no"
"PHLPP1",0.0430609051775996,-0.0394821557277996,"no"
"IL12RB2",0.0475157520046205,-0.0162653263225953,"no"
"HAL",0.0176457135233564,-0.033477223982874,"no"
"COL16A1",0.0360560692264089,-0.00386178779384395,"no"
"CD82",0.0401059882680293,-0.0288833358313469,"no"
"ABCB1",0.0441322175755904,0.00146560539090708,"no"
"CTTN",0.0458766380869023,-0.032024509138099,"yes"
"PPP1R15A",0.0368341099958957,0.0795197445506654,"no"
"NOP14",0.043370189271769,-0.0169145000902515,"no"
"RFX2",0.0442230770495156,-0.00434314671173336,"no"
"EPB41L1",0.0370825073325529,0.00369300838725165,"no"
"KIF9",0.0310350884399344,0.0753295121521279,"no"
"SMOX",0.0424042395154818,-0.0159785063706213,"no"
"CPXM1",0.0362402858334926,-0.0427435227862875,"no"
"LAG3",0.0406524982661529,-0.054596924472695,"no"
"RGS1",0.0257913013460109,0.090345983703835,"yes"
"ICAM1",0.0432739792361303,-0.00782779124986092,"no"
"MYH7",0.0466756434342674,-0.0321365087307902,"no"
"EPB41L4B",0.0448836255079181,-0.0420174861513152,"no"
"PTGS1",0.0456770281748586,-0.03402335109205,"yes"
"HIVEP1",0.0397713443165519,0.0123827308074578,"no"
"CARD10",0.0391529556489718,-0.00929562261971708,"no"
"KDELR3",0.0409976472443025,-0.0313973438503101,"no"
"CBY1",0.0176208236498281,-0.0245615931126126,"no"
"HMOX1",0.0457066715313023,0.039014449642868,"yes"
"RASD2",0.0399951302342658,0.0585578908044486,"no"
"APOL4",0.0300385156751691,-0.0572734398170774,"no"
"GZMB",0.0441844842162875,-0.0407914917259923,"yes"
"COCH",0.0422032199086527,-0.0120115013605038,"no"
"SIX4",0.042851722287721,-0.0300211585948902,"no"
"SUSD6",0.0421363605197788,0.0169079213265129,"no"
"CPNE6",0.0354187412593059,0.0513266010677496,"no"
"NFKBIA",0.0444959361051484,0.0277377962845113,"no"
"MMP9",0.0195660822418709,0.0754579620355136,"no"
"SALL4",0.0416171084514283,-0.00300080122837493,"no"
"DOK5",0.0459764049919579,-0.036043434746634,"yes"
"PPP1R16B",0.0405094926271507,0.0271981705310844,"no"
"MAP1LC3A",0.0452184013833316,0.0121621683923538,"yes"
"ADNP2",0.040830282072023,0.0122585783051728,"no"
"SMAD7",0.028246997568228,0.0568780553268885,"no"
"PLS3",0.0476366855617195,-0.01634012036818,"yes"
"PHEX",0.0394105942348992,-0.0422385818776618,"yes"
"RGCC",0.0451118469403981,0.0482075078881444,"yes"
"ZNF629",0.0435076709458738,-0.0135430302275952,"no"
"CCL22",0.044251047420952,0.0222298575520077,"yes"
"IL21R",0.0474410441561047,0.00183238608744234,"no"
"CTSH",0.0393268290759301,0.000737393568092096,"yes"
"CD276",0.0406372907127283,0.0293195498661858,"no"
"EHD4",0.0408606361197879,0.0343831796313664,"no"
"ATP8B4",0.0425392507223943,-0.0238656685354177,"no"
"BMF",0.0440992869759117,0.0108021335941047,"yes"
"SPAG1",0.0418473496989842,-0.0501626552809701,"no"
"NCALD",0.0467528234359113,-0.0219918411665807,"yes"
"SQLE",0.0434457143414946,-0.0158976598787693,"no"
"SH2D4A",0.0264625434001013,-0.0596246145949436,"no"
"SLC39A14",0.0454195627296909,-0.0144166677048466,"yes"
"KIR3DX1",0.0392604187559005,0.0280591554089456,"yes"
"LILRB1",0.0460046475430066,0.0196667678805031,"no"
"DYRK1B",0.0286918854855544,0.0574299079006207,"no"
"EBI3",0.0448515563833389,-0.0332614493651546,"yes"
"OVOL3",0.0257618245148268,0.0481644755764344,"no"
"DENND3",0.0412568580945713,-0.0386149981592736,"no"
"PLA2G4C",0.038966010631717,-0.0111068332149449,"yes"
"SCN1B",0.0304357293927296,0.058560072687989,"no"
"CDK6",0.0408208297058742,-0.0517942061089587,"no"
"NAMPT",0.0412118971441385,0.0334343445911913,"no"
"PON3",0.0430450372689441,-0.0077020933640931,"no"
"PON2",0.0427105884480941,-0.0388587487095637,"no"
"PTN",0.0393734721035555,-0.0309893581050158,"no"
"RNF32",0.0364231397081022,0.0280304358767183,"no"
"AGFG2",0.040303776334427,-0.0679178062877699,"no"
"SERPINE1",0.0297305122191434,0.0880648550371275,"yes"
"MEST",0.0442552137176447,0.0106089401880437,"yes"
"NCS1",0.0372433561728191,-0.0651291374577848,"no"
"PIP5K1B",0.0461588372259821,-0.0214485169368388,"yes"
"SHB",0.041198349038454,-0.00246996851702972,"no"
"MAPK8",0.0447256133988309,-0.0333410519406255,"no"
"CCDC6",0.0480448643080244,-0.0290726223127476,"yes"
"ZMIZ1",0.0418857853776433,-0.00379020655781446,"no"
"DNAJC12",0.0409232514725993,-0.0569637871754079,"yes"
"HOXB6",0.03942873259933,0.0320453384645904,"no"
"SYNGR2",0.0433718507716417,-0.0387533754564203,"no"
"HLF",0.042892484659605,-0.0225573444795998,"yes"
"IFT20",0.0329371685809275,0.0661889073044547,"no"
"NMU",0.0400506361774574,0.049552617450904,"no"
"KIAA1211",0.041121846828415,0.0126941654268387,"no"
"AREG",0.035447701311327,0.0636521880871174,"yes"
"CRYAB",0.0366442248418975,0.0271363816874638,"yes"
"CRTAM",0.0421264963163114,0.041872333260798,"yes"
"POU2AF1",0.0441518915630479,-0.0160229302462037,"yes"
"CYP27B1",0.032275423031678,-0.0407110227108492,"no"
"LIN7A",0.0438400866744524,0.0169114347754749,"no"
"TNS2",0.0371561080298904,-0.0459931251322807,"no"
"VDR",0.0451115150773633,-0.0416343037626206,"yes"
"ADGRD1",0.046209965285439,-0.0227585673009261,"yes"
"IL26",0.0425354579325123,-0.00049857229108015,"yes"
"IFNG",0.0437502392870289,0.0266628264783489,"yes"
"UHRF1BP1L",0.0472295004509394,-0.000619458163215688,"no"
"SASH1",0.0331428241899153,0.0088114814440561,"no"
"SIM1",0.0428972210427258,0.0125789636252211,"no"
"BVES",0.0440897455703211,-0.014467378190338,"no"
"FAM46A",0.0403654713654042,0.00428157746493001,"no"
"HMGCS1",0.0409455332479709,0.0189060241269667,"no"
"GZMK",0.0241984829101105,0.0254072757756867,"no"
"APBB3",0.020726940277518,0.037976234972207,"no"
"BTNL8",0.0457382592952789,-0.0184878452487148,"yes"
"SEC24A",0.035298263778743,-0.0447706156176524,"no"
"COL7A1",0.0417731276455245,-0.00214139117324368,"no"
"TNNC1",0.0319055151158678,0.0320569547995638,"no"
"IL1A",0.0451779160064238,-0.0186818346290227,"yes"
"FN1",0.0402489506361413,0.0192198497599119,"no"
"GNLY",0.0482428946782336,-0.0135311173769659,"yes"
"QPCT",0.0327732411219535,0.0321837999515252,"no"
"RAB3GAP1",0.0414203893430883,-0.0453477646549992,"no"
"EPAS1",0.0464663442482703,-0.00654787890196273,"yes"
"QSOX1",0.0420524187160502,-0.0253147237415736,"no"
"KIAA1324",0.0454965666974268,-0.000597867243671557,"no"
"RNF19B",0.04728833423312,0.0316105525155541,"yes"
"DOCK7",0.0440226496833922,0.00382761787824988,"no"
"PLA2G4A",0.0417617091796288,-0.0244021155482082,"no"
"WLS",0.0446910447978599,0.00328732714562725,"yes"
"RGS2",0.0411044261278575,0.0632670155889822,"yes"
"NID1",0.0347620827360249,-0.0252240051339276,"no"
"ECE1",0.0363142187936626,-0.0681991997025553,"no"
"FASLG",0.0451347850284992,0.0166996890638108,"no"
"TNNT2",0.0339692313148364,0.0435610490459933,"yes"
"TNFAIP3",0.0425374358926712,-0.00353426533751712,"yes"
"RAB32",0.0410410538363919,0.0273406777969524,"yes"
"SPP1",0.0316380926710447,0.0525762619573688,"no"
"ELL2",0.0482442239290991,-0.0155721870914737,"yes"
"DNAH7",0.0188411087099316,0.0235667821034157,"no"
"C1orf198",0.047097512516531,-0.0169366493387647,"no"
"NR4A3",0.0238960143213676,0.0327233179390233,"yes"
"IRF2BPL",0.0301694348189116,0.00258333639454739,"no"
"MLH3",0.0381689532058104,-0.0475129473117331,"no"
"FLVCR2",0.0282852408336549,0.030677833389571,"no"
"IFIT3",0.0268787647319328,0.0240811222493508,"no"
"TCTN3",0.0433070811194084,0.0273485610351311,"no"
"GORAB",0.0305781339288717,0.0696697668193,"no"
"KIAA1217",0.041179077070755,-0.0276520596290352,"no"
"DUSP4",0.0421694392084369,0.0263700625267254,"yes"
"TNFRSF10B",0.0424098038885174,-0.044719206947528,"no"
"RDH10",0.0471051442289671,0.0163165466563684,"yes"
"EPX",0.0341811417632424,-0.00992705363221662,"no"
"TRIM25",0.0330198946054665,-0.05664455897528,"no"
"SCPEP1",0.0340233380307203,-0.0243315278061932,"no"
"DEPDC7",0.0428818336281043,0.0406575585982468,"no"
"ZSCAN20",0.0446028671950417,-0.00490072563498477,"no"
"LRRC39",0.0185309712157041,-0.0125400834077279,"no"
"INHBA",0.041215389227563,0.0578829461510111,"no"
"TWIST1",0.0420686821703487,0.013940028127775,"yes"
"SRGN",0.0464748220008038,-0.00521530907378617,"no"
"EGR2",0.0332177682273246,0.0629595844819217,"yes"
"NR4A1",0.0181381547653,0.0393881555252961,"yes"
"BATF3",0.038908868113383,-0.0652973386607563,"yes"
"G0S2",0.044929200382676,-0.0268716511419394,"yes"
"RAB38",0.0449942910898617,0.023519479781247,"no"
"SDC4",0.0428683841951863,0.00473328429467086,"no"
"MATN4",0.0372046473433482,-0.047869594877497,"no"
"PMEPA1",0.0299531531091266,0.0681180901177952,"no"
"RBPJL",0.0299709435010642,-0.0503452225856827,"no"
"STAMBP",0.0443841509173802,-0.0338950760948548,"no"
"CDKN1A",0.0326510653350074,-0.0280713681594453,"no"
"SOX4",0.0455358130793228,-0.008503695768715,"yes"
"RUNX2",0.0468516463706267,-0.024980131236205,"no"
"MT2A",0.0469660141692006,0.00575100539998548,"yes"
"TNFSF9",0.0381843716379767,0.0171131852983537,"no"
"CD70",0.0398303966809566,-0.0547675780889009,"no"
"C3",0.0456940911830509,-0.0238681082390498,"yes"
"FOSB",0.0284614499227798,0.0879728065138236,"yes"
"PLAGL2",0.0450957820406847,-0.010821833342426,"no"
"IGFLR1",0.0356891217892044,0.0143474266294034,"no"
"RGS13",0.0239276360578172,0.0732629640352547,"no"
"HIVEP3",0.0401306124221592,-0.00254702531263984,"no"
"SYNGR3",0.0442102690174667,-0.0409137795389003,"yes"
"GNAI1",0.0467501055304768,-0.0160555439401827,"yes"
"C22orf23",0.0328664841557456,-0.0170104433178222,"no"
"DNAJB9",0.0327788594904136,0.0639438864142444,"no"
"CSRP3",0.0295771692082745,0.0447151682305754,"no"
"MTUS1",0.0429410204258546,-0.0155049736453739,"no"
"HEATR5A",0.0422365774795029,-0.0288979672789409,"no"
"AANAT",0.0260020546460563,0.085402319964242,"no"
"STARD8",0.0457033524051916,-0.0384824487685265,"no"
"KIF1A",0.0189162275373698,-0.0578067414800584,"no"
"SNX9",0.0429169452080636,0.0445387878752916,"yes"
"ZSWIM6",0.0473789550673083,-0.0318458117345699,"no"
"HELZ2",0.0296131123052439,0.0274004846244373,"no"
"SAMD10",0.0397917863707848,-0.063406685295805,"no"
"ZNF331",0.0331905891882219,0.0802128604757582,"no"
"PDLIM4",0.0460705421762846,-0.0294171373551506,"yes"
"NINJ1",0.0404316493175862,0.0206620642199559,"no"
"ZNF132",0.0292290141036654,0.0769847059767379,"no"
"PPARG",0.0464708611144997,0.00847233737770839,"yes"
"RAMP1",0.0351299003366914,0.00296566339444291,"yes"
"KDM6B",0.0356158538841086,0.053269700002814,"yes"
"REEP2",0.0434998962771372,-0.0557673131810525,"yes"
"SNAP25",0.0475962140257871,-0.022769921229313,"yes"
"SLC41A1",0.0364393139075765,-0.0689079516408634,"no"
"CCNA1",0.0372401240128483,-0.0587652789837014,"no"
"IRS4",0.0449671087498075,0.0118570489065927,"no"
"MICALCL",0.0438225752915951,-0.0247722645097108,"yes"
"MICAL2",0.0470862894246703,-0.0122145541525112,"no"
"CAMK1",0.0442379673042749,-0.0555503828719557,"no"
"SPIRE1",0.0386013373770378,-0.0586976816804517,"no"
"FST",0.0419398415237963,0.0361233113700928,"no"
"IL2RA",0.0419387102888835,-0.0561225366480567,"yes"
"CABLES1",0.034996048494896,-0.0199426422098681,"yes"
"EMP1",0.041961069941619,0.0206773790180927,"yes"
"KLRD1",0.0461970089269449,0.022086351003274,"yes"
"KLRC1",0.0461940414184957,-0.0338344909103104,"yes"
"MYBPC3",0.0332626095823654,0.0432421675386731,"no"
"GOLM1",0.0400702819698661,0.00549476831578584,"no"
"CCNJL",0.0429715027648128,-0.0180168568873965,"no"
"AHI1",0.0442765017310412,-0.00520447161220535,"yes"
"EGR4",0.027197746092345,0.0979460216439262,"no"
"EMX1",0.0322874440877845,-0.0341043503673323,"no"
"KCNK1",0.0272931898111695,0.0279320155575959,"no"
"RNASEL",0.0427687920668738,-0.0300346046363888,"no"
"ARMC9",0.0367769109408266,-0.057357696167137,"no"
"SLC41A2",0.0462382314689633,-0.00703642192629759,"yes"
"SPRY2",0.0435943331016852,-0.00616115291604836,"no"
"TNS3",0.0464122715661141,0.00050292905083236,"yes"
"HLX",0.0390459253123604,-0.0162832506829412,"yes"
"IL36G",0.0294469768307884,-0.0370079813149649,"no"
"STAM",0.0392122936885119,-0.0352165793624219,"no"
"KLF4",0.0353945020921252,0.0743010553229794,"yes"
"TINAG",0.0316238434267262,0.0398122220722609,"no"
"MYO7A",0.0394702280411375,0.00179101032869036,"no"
"RAB30",0.0232103549448301,0.0862600393801907,"no"
"FXYD6",0.0431883270219714,-0.0185240598534358,"yes"
"SQOR",0.0403978782178511,-0.0440880977479029,"no"
"CYP1B1",0.0401819136443693,0.00542712083321296,"yes"
"MYOF",0.0333998219353006,-0.0535895260068033,"no"
"DUSP5",0.0474881839172335,0.00378717069667702,"yes"
"ARL3",0.0426841815951885,-0.0522982131497928,"no"
"ENTPD1",0.0468868729421109,-0.0174226121350702,"no"
"ZNF365",0.0358138066083965,0.0732926349263485,"no"
"NAB1",0.0479040282194985,-0.0171087885799586,"no"
"HECW2",0.0425561292896455,-0.024343857001036,"no"
"SHF",0.0473825075884805,-0.000486536286708141,"yes"
"RASGEF1B",0.0383577671506485,0.061946144413565,"yes"
"FGF2",0.0421922282389201,0.0176408385081949,"no"
"RGS3",0.0426607916357953,-0.00804500251446932,"no"
"GABARAPL1",0.0351736449726564,0.0276379126583855,"no"
"KIF21A",0.0348158664739721,-0.061202845612815,"no"
"CPNE8",0.0432443047128196,0.0333102162056382,"no"
"PIANP",0.0320050135364851,0.0422778661405971,"no"
"PHLDA1",0.0449045756472411,0.0295323666175443,"no"
"SUOX",0.03998497806313,-0.035953066467449,"no"
"MBNL2",0.0475375503868302,0.0102522355439574,"no"
"FRMD6",0.0455065431670501,-0.0135570139478914,"no"
"C14orf79",0.025893277973751,0.0730801694141315,"no"
"DUOXA1",0.0326593476078569,0.00298140850317134,"no"
"TLE3",0.0382959985766877,0.0222039326868842,"no"
"TPM1",0.0362128731432469,0.0279650653621866,"yes"
"MCTP2",0.0481391002523498,-0.0181057032682979,"no"
"ITGAX",0.0398233828573589,-0.0418801721665877,"no"
"KSR1",0.0419656523534505,-0.0490369829574137,"no"
"SECTM1",0.0285870417588653,0.00742560408754126,"yes"
"TNFRSF11A",0.0466966676575478,-0.0235126516267421,"no"
"ERBB2",0.033723015898309,-0.0201088810530607,"no"
"IGLON5",0.0472130863178176,0.000802220510431815,"yes"
"ZNF697",0.0436727379876304,-0.000632162519277037,"no"
"ILDR2",0.0424700711382932,0.0114106146590513,"no"
"CASQ1",0.039423635030725,-0.00998135070357354,"no"
"RGS16",0.0423386615295654,-0.0154661291283049,"yes"
"RGL1",0.0460939260107241,-0.0140179912635251,"no"
"TUFT1",0.0439770678666489,-0.0278084780409773,"no"
"DYRK3",0.0403090470838836,0.0153957222133634,"no"
"DUSP10",0.0287056053225386,0.0747708371806958,"no"
"LYST",0.0393341283293635,-0.0470305714409443,"no"
"CDC42BPA",0.042635414179754,0.000674974727692335,"no"
"RHOB",0.0473578965791774,0.0214198372753857,"yes"
"NPHP1",0.0337288332674246,0.0359925885649234,"no"
"ITGA9",0.0450161328654593,-0.0168812325387407,"yes"
"ADPRH",0.0432291328225841,-0.0302108444417546,"no"
"ILDR1",0.0400922421297321,-0.0512980075098858,"no"
"PLK2",0.0382719111218635,0.0312015271371541,"yes"
"ANO7",0.0418134827206297,-0.00931920310057835,"no"
"TIAM2",0.0455732113395736,0.00187883215992674,"yes"
"PARD3",0.040277298625718,-0.0393016900183473,"no"
"CDHR1",0.0446192855609748,-0.00592226641730597,"yes"
"ZC3H12C",0.0479931404567332,0.00407841386961904,"yes"
"NCAM1",0.0324230297427319,0.0839386518207052,"yes"
"CD226",0.0489230014539463,-0.0145872097543035,"no"
"PRSS23",0.0430994698797395,0.034074597976405,"yes"
"ITPR1",0.04730428032653,-0.0273770367190268,"no"
"MAGI1",0.0444517567251894,-0.0390464416150675,"yes"
"CSNK1G3",0.0440695939588785,0.0270986314104465,"no"
"ME3",0.0451119521186064,0.00357743472860407,"no"
"INPP1",0.0423020939957565,-0.0566095998453927,"no"
"ACSL1",0.0398117142484117,-0.0101050680186672,"no"
"SAV1",0.0420414711731797,-0.0172670147139431,"no"
"PTPN14",0.0440757580245295,-0.0389261292410512,"yes"
"SETBP1",0.0318200721106437,-0.00658868183737976,"no"
"USP12",0.0472431263938807,0.0102775279860414,"no"
"TRIM36",0.0323932963612016,0.0860823985170314,"no"
"NR4A2",0.027566205959528,0.0426864477543148,"yes"
"ADPRHL1",0.0232947089353943,0.0550059176590986,"no"
"MCOLN2",0.0471672707750299,0.00394953836675041,"no"
"SEMA3D",0.0391660992695881,0.0340530040861753,"yes"
"GAL3ST2",0.0236663430583323,0.0436843449903737,"no"
"FAM167A",0.0304453148808527,0.0938900471258759,"no"
"CCDC173",0.0306979336764409,0.0883935002252212,"no"
"RABGEF1",0.0408178430014682,0.010318393950967,"no"
"RAB6B",0.0463751927657701,-0.0125906150603866,"yes"
"GRAMD2B",0.0448671188743172,0.0177104524224234,"no"
"PIK3AP1",0.0448270019482235,0.00653855964559664,"yes"
"CXCL13",0.0315729122782253,0.049856190747243,"no"
"FBXO32",0.0440426050449655,-0.0032336881886301,"yes"
"TSC22D3",0.0453079915589421,0.0417272970915672,"yes"
"NLRP14",0.041839610128055,-0.0231761916436424,"no"
"COPG2",0.0407330898413072,-0.0563034281338989,"no"
"RCAN1",0.044555854720905,-0.0407255491468806,"yes"
"ACTC1",0.0366771046036466,0.0372523770744832,"no"
"ISL2",0.0385932583688424,-0.0166946115018492,"no"
"TPPP3",0.0387475724679438,0.0557434229629399,"no"
"ZDHHC1",0.0381031571554349,-0.0428806359024479,"no"
"ZNF222",0.0210281652904906,0.0668428494537133,"no"
"ZNF235",0.0297649093328218,0.0474049773890409,"no"
"MPZL3",0.037871576515858,0.0679038341695533,"no"
"CXCR5",0.0371079254658456,0.0248560907354359,"no"
"SLC25A44",0.0393423370504427,-0.068487135312766,"no"
"LMNA",0.0452884915998323,0.0334004701837534,"yes"
"MYL3",0.0336086605228449,0.0404024838934,"yes"
"ZG16B",0.0370995475268755,-0.0285942653088901,"no"
"UBXN10",0.0453587788608846,0.0371040091417319,"yes"
"VCAM1",0.0373696251835645,0.058361580969561,"no"
"ATF3",0.0480218468467388,0.00686211910695228,"yes"
"REL",0.03089728841472,0.0556585320511875,"no"
"ACTG2",0.0229811407318262,0.022393805203711,"yes"
"SGPP2",0.0478074249289174,-0.0304155921454209,"yes"
"PPM1L",0.0421772909743424,-0.0287494539831764,"no"
"CTLA4",0.0400237872877551,0.0477109724878644,"no"
"RYBP",0.0480411661038324,-0.00515754801051073,"no"
"APBB2",0.0488139415847757,-0.0181979861684246,"yes"
"IL17RE",0.0425925328364574,-0.0124223509086482,"no"
"PLB1",0.0293016901084483,-0.0110986130149247,"no"
"CAMK2N2",0.0162733686235447,0.0694316838876108,"no"
"ANKRD33B",0.0424553542372128,0.0376676902316727,"no"
"ZNF704",0.0432199930575895,-0.0159438768221643,"yes"
"CTSB",0.0462837548814749,-0.0137787991742847,"yes"
"ADCY1",0.0436236930947111,-0.0379784756016657,"yes"
"OSR2",0.034247088098538,0.0753135442872336,"no"
"CTHRC1",0.0416913647609774,0.00524367676069632,"no"
"GEM",0.0443141442061304,0.0250935969799728,"yes"
"LETM2",0.0259964641110721,0.0721597383290282,"no"
"HECTD2",0.0390351010928634,0.0258783330652066,"no"
"TMEM63C",0.0384819186688338,-0.0291164855569591,"no"
"DRGX",0.0355256371166593,0.0690635047546351,"no"
"QSOX2",0.0359490899219857,-0.0758967520323727,"no"
"ARHGEF40",0.0383836063497493,-0.0228388527413467,"no"
"ABTB2",0.0296827135489609,0.078922150146789,"no"
"GPT2",0.0343166172620906,-0.0818542386238678,"no"
"USP54",0.0263042032605005,-0.00167299859897301,"no"
"SERPINB8",0.042950806237065,0.00526836626209174,"no"
"BEAN1",0.0290960728178038,-0.0184471286825861,"no"
"IQCD",0.0415748314739718,-0.0355777907549373,"no"
"RRAD",0.048992510986077,0.0152015911153285,"yes"
"ACSM1",0.0340237976624029,0.00313922316812434,"no"
"KIF7",0.0422276243615871,-0.0266216821579911,"no"
"DUSP18",0.0274368451052842,0.0658747536497369,"no"
"IRGQ",0.0333024546006447,-0.0726387282119279,"no"
"LAIR2",0.0341424871218094,0.0115066198116715,"yes"
"KRT80",0.028218207618856,0.0332227291483148,"no"
"TMEM88",0.0218251408108289,0.0880081018764131,"yes"
"VPS37C",0.0366880285877355,0.0295175029975342,"no"
"GNG4",0.0393373742251482,0.0337986415577518,"yes"
"XIRP1",0.0415733295101995,-0.0180126214066962,"no"
"FILIP1L",0.0362208826768387,0.0549511810972275,"no"
"TXNDC2",0.0376792361512686,-0.0338909038232829,"no"
"STAT3",0.0435394779366325,-0.0232589845063872,"no"
"ADAM9",0.0422479631524408,-0.0164286535266181,"no"
"TSPAN5",0.0340678294045372,-0.0497363817727805,"no"
"ATOH8",0.0233994182790693,0.0216150711217093,"no"
"TNIP2",0.0451711101325265,0.0166891694472716,"no"
"PXDC1",0.0288520325531445,0.081637376117795,"no"
"AFAP1L2",0.046140956486589,-0.0210140030126747,"yes"
"CXCL10",0.0447530431768333,0.00677929775863868,"yes"
"CLIC4",0.0442786237254566,-0.0457332776566605,"yes"
"ZEB2",0.0424865918144872,0.054070459453918,"yes"
"RGPD8",0.0346874933208839,-0.00406369598276474,"no"
"MT1E",0.0329253650926236,0.0592711633822383,"yes"
"P2RY1",0.0313500797590842,0.0202782326614153,"no"
"ZNF768",0.0439428220006974,-0.0424115434721287,"no"
"TAS1R3",0.0195353805796411,0.0613331227986671,"no"
"ZNF35",0.0382561789020264,0.0523160635154776,"no"
"IFFO2",0.0407057789478985,0.0663092606219044,"no"
"ZNF282",0.049390528608556,0.000172788176276227,"yes"
"SERPINB9",0.0377886642002078,-0.0200548758736269,"no"
"MTSS1",0.0459484862781845,-0.0417779680960376,"yes"
"CAVIN3",0.0447890754854613,-0.0349886986162357,"yes"
"PRKCE",0.0364167814498627,0.0201414926832474,"no"
"PDE7B",0.0350031458090865,0.0634025715183253,"no"
"ZNF584",0.033745281299061,-0.0242606448574517,"no"
"ZNF274",0.020815322955875,0.0797988670315948,"no"
"CEBPB",0.038439912010894,0.0135521668535712,"no"
"ARNT2",0.0453440160692146,-0.0324421692405601,"yes"
"FGGY",0.0466160286799457,-0.0284193532161253,"no"
"SMPDL3A",0.0449336415203319,-0.035755631724516,"no"
"TMEM217",0.0385650510808768,0.0407905277033287,"no"
"COL6A5",0.040248302836161,-0.0266813563376732,"yes"
"CYP7B1",0.0441364062340056,-0.0233919230409296,"yes"
"HPSE",0.0332671746340718,0.0468882398095942,"no"
"ABLIM3",0.0433485848806044,-0.0132970753754879,"no"
"TRIB1",0.039559583096277,0.0592844478549005,"yes"
"SNX33",0.0459906871339164,-0.0240992867036138,"yes"
"GOLIM4",0.0430244222274625,-0.0244730051758164,"no"
"ADCY6",0.0458258315718489,-0.024255195187571,"no"
"RIN1",0.0371431196341662,0.0564465468507707,"no"
"C4orf26",0.0408140595260174,0.0518321290276509,"yes"
"ASPHD1",0.0446963947308516,0.00699438326195548,"no"
"P2RY14",0.0353836300999646,0.00525747900844862,"no"
"SLC22A1",0.0316172250944306,-0.0244377493971499,"no"
"CSRP2",0.0273187348186987,0.0135661430537097,"no"
"DDIT3",0.0402085760203538,0.0505465807050233,"no"
"ZNF408",0.0177696944159558,0.0876367516704549,"no"
"CATSPER1",0.0438005351972229,0.0280422447237835,"no"
"CST6",0.04348184039667,0.0210831241032387,"yes"
"NRIP3",0.0394357723215254,0.0207579141425308,"no"
"LPL",0.0404221995401702,-0.0303733887453247,"no"
"UCP3",0.0338058893316558,0.0725632640807404,"yes"
"ETV4",0.0309099800896738,-0.0560086962578409,"no"
"B3GNT5",0.0456361236436792,-0.0348873524131316,"no"
"MYO1D",0.0421203012709766,-0.0377140370376537,"no"
"FOXL1",0.0422406031772423,-0.00447224519728293,"no"
"IRX5",0.0293730402085643,0.096167860620405,"no"
"METRNL",0.0439200375630352,0.0347134828340367,"yes"
"C8G",0.0233423315388568,0.0861480236803461,"no"
"FAM89B",0.0430317078859497,-0.0146376100215948,"no"
"TGIF1",0.0446824583159261,-0.0122090628212565,"no"
"OLIG3",0.0386219937742199,-0.0268820026930761,"yes"
"ZBED2",0.0409452566235782,-0.06553020002203,"yes"
"JUN",0.0395097237635338,0.0610044665454338,"no"
"FAM20C",0.0381301405067418,0.0115690947049435,"no"
"CCDC184",0.0413854077200142,0.0152133836943737,"no"
"ZC3H12D",0.0453526314795458,-0.0168449303144316,"yes"
"ZFAND2A",0.022883440607929,0.0945750171329855,"no"
"ZNF223",0.0359595991941752,-0.0321593121418165,"no"
"BEND3",0.0379923611187691,-0.070312904145301,"no"
"GPR35",0.0345318662489445,0.0132016471404592,"no"
"CD300LB",0.0417736816862793,0.0339301208904581,"no"
"OPLAH",0.0400616679849818,-0.0370669899111878,"no"
"MSC",0.0248082203281741,0.082209318611939,"yes"
"NSUN7",0.0450116602009225,0.00827821519105628,"no"
"GATA2",0.0409012659883562,0.0478039793164128,"no"
"APOBEC3B",0.0365839568094824,-0.0324995519611071,"yes"
"MYADM",0.0284059336881867,0.090380805898079,"no"
"AKAP5",0.0459699631182899,0.00817421727868295,"no"
"C1orf194",0.0287862629723862,0.0593974594580146,"no"
"C3orf80",0.0379693174130901,0.0386583900034122,"no"
"MTURN",0.0415112782786951,-0.0191504026401615,"yes"
"MB21D2",0.0419168265904115,0.0397957008084994,"yes"
"BHLHE22",0.0403119800864194,0.0362820929932984,"no"
"BBS12",0.0415725773360167,-0.0408528818535406,"no"
"TMEM136",0.0400234668292377,-0.0117409063680485,"no"
"PHLDA2",0.0397787346346855,0.00329490303620258,"no"
"TIGIT",0.0341937805528073,-0.0170646637424712,"yes"
"XKRX",0.045789856248656,-0.0217521854531082,"yes"
"RGS6",0.0453693952265963,-0.0296662893458986,"no"
"PMCH",0.0472993269800762,-0.00161980115484783,"yes"
"ZNF438",0.0429574601391624,-0.044832326457513,"yes"
"KLHL25",0.0440599401990399,0.00992861260331276,"no"
"MRGPRX2",0.0324699890768812,0.0257484663248183,"yes"
"LHFPL6",0.045870531163318,-0.0287152937803001,"no"
"ACSM2A",0.0387218010024926,-0.0064473260923116,"no"
"TSPYL2",0.0450034248754927,-0.0375856622083286,"no"
"CLECL1",0.0445550180360471,0.00601841160226668,"yes"
"CSF1",0.0466852204295212,-0.0113195267122353,"yes"
"PROS1",0.0461107388804847,-0.0175742579495654,"no"
"DUSP8",0.0394405255115592,0.0731916447515355,"yes"
"NELL2",0.0363375261946654,-0.0328259247863593,"no"
"AMER1",0.0453021583519596,-0.0272170265310874,"no"
"EIF4ENIF1",0.0487745692690574,-0.00760917217179219,"no"
"SMIM10",0.0434619103199089,-0.0271016159829862,"no"
"FAM43A",0.0441833514046072,0.0131214148817832,"yes"
"SHC4",0.0482308146397182,-0.024116345290885,"yes"
"KRT79",0.0443234740899564,-0.0269469485496365,"yes"
"ZFP36L1",0.0317538747849734,0.0108372370479019,"no"
"POU3F1",0.042972244410402,0.039058992033002,"no"
"IRS2",0.0238278218362008,0.102971726350567,"no"
"EDARADD",0.0421423333654097,-0.0140522095720154,"yes"
"KRT3",0.0350142792524769,0.018746622760941,"yes"
"INSIG1",0.0375332233714868,-0.0141881556308886,"no"
"CARMIL3",0.0481706585882946,0.00620560228562443,"yes"
"TNFRSF4",0.0457841207165797,-0.0356196941824693,"yes"
"TNFRSF18",0.0460300510053956,-0.033924307161817,"yes"
"MT1X",0.0296532492046744,0.0903190879166005,"yes"
"LHFPL3",0.0431395908783088,-0.00844685283010274,"no"
"ERC2",0.0426943374387656,-0.0130015023866415,"no"
"DNAJB13",0.0342805923967958,0.0652040115759607,"yes"
"C2orf66",0.0400321449510379,0.0504141362746645,"no"
"TPRG1",0.0460161811278836,-0.0073629498076093,"yes"
"MORN2",0.0365884458304067,0.0593686567558619,"no"
"NHS",0.0251279299168449,-0.0492473866945634,"no"
"IER5L",0.0377186618140056,0.0506315929212387,"no"
"INSC",0.0440108313624313,-0.00257724572046311,"no"
"ASAH2",0.0356919019236826,0.00247103224897668,"no"
"HMX3",0.0361492951101397,0.0237796727131307,"no"
"ASTL",0.0308129264768078,0.0553569988073309,"no"
"KIR2DL4",0.0453002280194349,0.0359398110169816,"yes"
"APOD",0.039933558683717,-0.0262836452696084,"yes"
"H1F0",0.0446162364089104,0.00927120935490133,"yes"
"IL1RAP",0.0457607499606771,-0.028591922803283,"no"
"PAX5",0.0410600016825513,0.00896191765804428,"no"
"PLEKHG4",0.0441755131240588,0.0262836321763338,"no"
"ZNF34",0.0337550766007401,0.0710812576567249,"no"
"PPP1R26",0.0417972705458456,-0.0219444740172728,"no"
"ARMCX4",0.0425656836469953,-0.0439075619983403,"no"
"ZNF799",0.0214311607944411,0.00568096341517412,"no"
"TCF4",0.0373921742043799,0.0381739913094704,"no"
"TTC30B",0.0328360376674814,0.0797448441795348,"no"
"NF1",0.0457469851132723,-0.0319842307963225,"no"
"ARHGEF12",0.0453548861910324,0.0220160622614979,"no"
"FAM3C",0.0466604744838829,0.00436851863173008,"no"
"SERTAD1",0.0278495986148378,0.0895209044372838,"no"
"DTHD1",0.0429457999997397,0.0278046465192947,"yes"
"LRRC8B",0.0472326359634416,0.00181800921303042,"no"
"PIWIL2",0.0452636063973942,0.0279523770486082,"no"
"SLC22A4",0.0361252556326539,-0.0540263051773904,"no"
"PDGFA",0.0422698995733674,-0.0439967166297523,"yes"
"TTC30A",0.0276346822943201,0.0540361884891813,"no"
"MYH6",0.0474159646687644,-0.0300080160912982,"yes"
"FAM49A",0.0418633497143417,0.0020466146662071,"no"
"PLCG2",0.0410141098507542,-0.0345897312131024,"no"
"PIM3",0.0369655608973809,0.0497818865987697,"no"
"NTRK1",0.0446957085528003,-0.0422460907150485,"yes"
"CTNND1",0.0348944274579223,-0.0311395180837577,"no"
"SLC5A3",0.0396584561104947,-0.054257269759704,"no"
"GK",0.0425819299628964,-0.0319782824992568,"no"
"INPP5F",0.0342632352316,-0.0457125956893948,"no"
"SELENOM",0.0475555426470944,-0.00858377942166498,"yes"
"DMD",0.0479450791302009,-0.0161721517994273,"yes"
"KIF1BP",0.0318710055519141,-0.0681119641728516,"no"
"LAYN",0.0371804743036932,-0.0180876333864338,"yes"
"PPP1R10",0.0380387793117108,0.0699477420461852,"no"
"ZNF155",0.0404112082689377,-0.00857911023039995,"no"
"ZNF425",0.0341600157283815,0.0609442198979927,"no"
"ADGRG1",0.0469669882781614,0.000986805511713224,"yes"
"ITPRIPL2",0.0466365116472401,0.00591035784242311,"yes"
"KLRC2",0.0442379258193311,-0.0321774756927082,"yes"
"KLRC3",0.0458580998107465,0.00647603948368755,"no"
"C17orf51",0.0254431487914972,-0.0734120793084742,"no"
"FAM24B",0.0240920810175753,-0.0040780258704346,"no"
"COLCA2",0.0372934798822094,0.00737427892838363,"no"
"UBE2QL1",0.0457482743863145,0.0144285502351273,"yes"
"MYL5",0.0212908978197982,0.016821341847425,"no"
"C2orf16",0.0414014654759344,0.0492807454695629,"no"
"CEBPD",0.0397572643007023,0.0593318492450944,"yes"
"HMSD",0.0454433322036461,-0.0422587097311081,"yes"
"FADS3",0.0476334897291365,-0.0260821688867663,"yes"
"KLLN",0.0353737876565372,0.0630078747743604,"no"
"SHISA8",0.0448156349203107,0.00660367741638561,"no"
"ETV5",0.0343219429754023,0.00745379207607731,"no"
"AC068580.4",0.0446622188524916,-0.0341219816261641,"no"
"LYN",0.0458519925651129,-0.0389259532475324,"no"
"AC068775.2",0.0404954736016955,-0.0282564673121862,"yes"
"MTRNR2L1",0.0243379302354199,0.051363585181664,"no"
"AC090527.2",0.0374866516890029,-0.0068753363073988,"no"
"MMP12",0.0376279405522114,0.00404807847680633,"no"
"OTUD7B",0.0452070536799708,-0.0332497074478973,"no"
"GDF10",0.0462297184013369,-0.0307320710276971,"yes"
"SPIB",0.0423839085132102,0.0272378073884907,"no"
"HIST2H4B",0.0295637470797546,0.0538444553035244,"no"
"MTRNR2L13",0.0252187217281868,0.0586432100782454,"no"
"CYFIP1",0.0444212742988353,-0.0352326510994847,"no"
"CCL4",0.0412964327356339,-0.00236714054915679,"yes"
"CCL18",0.0361227008898823,0.0766609717703576,"no"
"HNF1B",0.0362316251652523,-0.0669645349146555,"yes"
"CCL4L2",0.0269910467182292,0.0514382337065549,"yes"
"CCL3L3",0.029971922032394,0.0151424832142648,"yes"
"ZNF670",0.0421526659860377,0.000950329420587341,"no"
"CCL3",0.0415290081154225,-0.000751546115180691,"yes"
"IQCJ.SCHIP1",0.0452820818850697,0.0238596639378886,"yes"
