Pathway identifier,Pathway name,#Entities found,#Entities total,Entities ratio,Entities pValue,Entities FDR,#Reactions found,#Reactions total,Reactions ratio,Species identifier,Species name,Submitted entities found,Mapped entities,Found reaction identifiers
R-HSA-6783783,"Interleukin-10 signaling",6,86,0.005494154475180477,7.681191438457802E-8,1.1655517687669814E-5,2,15,9.891849116328145E-4,9606,Homo sapiens,"CSF1;CCL4;CCL3","","R-HSA-8937656;R-HSA-6784160"
R-HSA-8877330,"RUNX1 and FOXP3 control the development of regulatory T lymphocytes (Tregs)",4,17,0.001086053791605443,1.1100493035876013E-7,1.1655517687669814E-5,6,20,0.0013189132155104195,9606,Homo sapiens,"IL2RA;TNFRSF18","","R-HSA-8877493;R-HSA-8877396;R-HSA-8877490;R-HSA-8877391;R-HSA-8877485;R-HSA-8877385"
R-HSA-2197563,"NOTCH2 intracellular domain regulates transcription",3,16,0.0010221682744521816,9.494806864296379E-6,6.646364805007465E-4,9,9,5.935109469796888E-4,9606,Homo sapiens,"GZMB;RBPJ","","R-HSA-2976716;R-HSA-2127285;R-HSA-2197588;R-HSA-2976551;R-HSA-2976742;R-HSA-2976726;R-HSA-2197562;R-HSA-2197564;R-HSA-2976563"
R-HSA-449147,"Signaling by Interleukins",9,646,0.04127004408100684,2.380818962532949E-5,0.0012380258605171335,24,505,0.03330255869163809,9606,Homo sapiens,"DUSP4;CSF1;IL2RA;CCL4;CCL3;HAVCR2","","R-HSA-450054;R-HSA-451942;R-HSA-912527;R-HSA-452100;R-HSA-919404;R-HSA-508292;R-HSA-9009485;R-HSA-6784160;R-HSA-452097;R-HSA-450063;R-HSA-452108;R-HSA-450027;R-HSA-508247;R-HSA-5340385;R-HSA-8937656;R-HSA-453111;R-HSA-913374;R-HSA-203797;R-HSA-453104;R-HSA-9009488;R-HSA-452122;R-HSA-913424;R-HSA-508282;R-HSA-452091"
R-HSA-1280215,"Cytokine Signaling in Immune system",11,1088,0.06950744266274836,4.918172757528705E-5,0.002065632558162056,40,785,0.05176734370878396,9606,Homo sapiens,"DUSP4;CSF1;IL2RA;TNFRSF18;TNFRSF9;CCL4;CCL3;HAVCR2","","R-HSA-450054;R-HSA-912527;R-HSA-452100;R-HSA-508292;R-HSA-9009485;R-HSA-9733330;R-HSA-9733331;R-HSA-6784160;R-HSA-452097;R-HSA-450063;R-HSA-452108;R-HSA-9680349;R-HSA-9680348;R-HSA-9818010;R-HSA-9733316;R-HSA-508247;R-HSA-9680385;R-HSA-913374;R-HSA-203797;R-HSA-9680389;R-HSA-9733314;R-HSA-9680388;R-HSA-9009488;R-HSA-452122;R-HSA-913424;R-HSA-9733323;R-HSA-451942;R-HSA-389156;R-HSA-389159;R-HSA-919404;R-HSA-9817983;R-HSA-8858475;R-HSA-450027;R-HSA-5340385;R-HSA-8937656;R-HSA-453111;R-HSA-453104;R-HSA-5675947;R-HSA-508282;R-HSA-452091"
R-HSA-1980145,"Signaling by NOTCH2",3,41,0.0026193062032837154,1.5303277293898798E-4,0.005356147052864579,9,20,0.0013189132155104195,9606,Homo sapiens,"GZMB;RBPJ","","R-HSA-2976716;R-HSA-2127285;R-HSA-2197588;R-HSA-2976551;R-HSA-2976742;R-HSA-2976726;R-HSA-2197562;R-HSA-2197564;R-HSA-2976563"
R-HSA-168256,"Immune System",16,2653,0.16948827700760238,3.3311360653920374E-4,0.009193907070880636,56,1723,0.11362437351622263,9606,Homo sapiens,"DUSP4;CSF1;KLRC2;KLRB1;TNFRSF18;TNFRSF9;GNLY;IL2RA;CCL4;CCL3;KLRD1;KLRC1;HAVCR2","","R-HSA-2424484;R-HSA-450054;R-HSA-2424486;R-HSA-912527;R-HSA-452100;R-HSA-2424487;R-HSA-508292;R-HSA-2424480;R-HSA-2424482;R-HSA-452097;R-HSA-450063;R-HSA-452108;R-HSA-2395439;R-HSA-9818010;R-HSA-9680385;R-HSA-199062;R-HSA-203797;R-HSA-9680389;R-HSA-2396594;R-HSA-9680388;R-HSA-452122;R-HSA-913424;R-HSA-389156;R-HSA-389159;R-HSA-6806732;R-HSA-5340385;R-HSA-8937656;R-HSA-2395412;R-HSA-5685606;R-HSA-2395801;R-HSA-9009485;R-HSA-9733330;R-HSA-9733331;R-HSA-6784160;R-HSA-9680349;R-HSA-9680348;R-HSA-9733316;R-HSA-508247;R-HSA-913374;R-HSA-9733314;R-HSA-9009488;R-HSA-9733323;R-HSA-451942;R-HSA-919404;R-HSA-9817983;R-HSA-6807565;R-HSA-8858475;R-HSA-450027;R-HSA-453111;R-HSA-210289;R-HSA-453104;R-HSA-5675947;R-HSA-508282;R-HSA-452091;R-HSA-6807578;R-HSA-2172126"
R-HSA-8878171,"Transcriptional regulation by RUNX1",5,246,0.015715837219702294,3.53611810418486E-4,0.009193907070880636,7,132,0.008704827222368768,9606,Homo sapiens,"CDK6;IL2RA;TNFRSF18","","R-HSA-8877493;R-HSA-8877396;R-HSA-8877490;R-HSA-8877391;R-HSA-8877485;R-HSA-8938853;R-HSA-8877385"
R-HSA-198725,"Nuclear Events (kinase and transcription factor activation)",3,80,0.005110841372260908,0.001063172987822103,0.02445297871990837,3,48,0.0031653917172250064,9606,Homo sapiens,"DUSP4;ID3","","R-HSA-203797;R-HSA-9613460;R-HSA-9613451"
R-HSA-5669034,"TNFs bind their physiological receptors",2,30,0.0019165655145978408,0.0025964524645626375,0.054525501755815386,2,13,8.572935900817726E-4,9606,Homo sapiens,"TNFRSF18;TNFRSF9","","R-HSA-8858475;R-HSA-5675947"
R-HSA-2424491,"DAP12 signaling",2,36,0.0022998786175174087,0.003703880942850235,0.07037373791415447,10,17,0.0011210762331838565,9606,Homo sapiens,"KLRC2;KLRD1","","R-HSA-2395412;R-HSA-2424484;R-HSA-210289;R-HSA-2424486;R-HSA-2424487;R-HSA-2424480;R-HSA-2396594;R-HSA-2424482;R-HSA-2395439;R-HSA-2395801"
R-HSA-187037,"Signaling by NTRK1 (TRKA)",3,143,0.009135628952916374,0.005451356592417356,0.07934323388433562,3,102,0.006726457399103139,9606,Homo sapiens,"DUSP4;ID3","","R-HSA-203797;R-HSA-9613460;R-HSA-9613451"
R-HSA-451927,"Interleukin-2 family signaling",2,47,0.003002619306203284,0.006205357305424486,0.07934323388433562,19,59,0.0038907939857557375,9606,Homo sapiens,"IL2RA;HAVCR2","","R-HSA-451942;R-HSA-450054;R-HSA-912527;R-HSA-919404;R-HSA-452100;R-HSA-508292;R-HSA-452097;R-HSA-450063;R-HSA-452108;R-HSA-450027;R-HSA-5340385;R-HSA-508247;R-HSA-453111;R-HSA-913374;R-HSA-453104;R-HSA-452122;R-HSA-913424;R-HSA-508282;R-HSA-452091"
R-HSA-9630794,"Evasion of Oncogene Induced Senescence Due to Defective p16INK4A binding to CDK4 and CDK6",1,3,1.9165655145978407E-4,0.007447451149234285,0.07934323388433562,1,1,6.594566077552098E-5,9606,Homo sapiens,"CDK6","","R-HSA-9630795"
R-HSA-9632700,"Evasion of Oxidative Stress Induced Senescence Due to Defective p16INK4A binding to CDK4 and CDK6",1,3,1.9165655145978407E-4,0.007447451149234285,0.07934323388433562,1,1,6.594566077552098E-5,9606,Homo sapiens,"CDK6","","R-HSA-9630795"
R-HSA-9632693,"Evasion of Oxidative Stress Induced Senescence Due to p16INK4A Defects",1,3,1.9165655145978407E-4,0.007447451149234285,0.07934323388433562,1,2,1.3189132155104195E-4,9606,Homo sapiens,"CDK6","","R-HSA-9630795"
R-HSA-9630750,"Evasion of Oncogene Induced Senescence Due to p16INK4A Defects",1,3,1.9165655145978407E-4,0.007447451149234285,0.07934323388433562,1,2,1.3189132155104195E-4,9606,Homo sapiens,"CDK6","","R-HSA-9630795"
R-HSA-2172127,"DAP12 interactions",2,52,0.0033220468919695906,0.0075367054833872515,0.07934323388433562,11,33,0.002176206805592192,9606,Homo sapiens,"KLRC2;KLRD1","","R-HSA-2395412;R-HSA-2424484;R-HSA-210289;R-HSA-2424486;R-HSA-2424487;R-HSA-2424480;R-HSA-2396594;R-HSA-2424482;R-HSA-2395439;R-HSA-2395801;R-HSA-2172126"
R-HSA-166520,"Signaling by NTRKs",3,166,0.010604995847441385,0.008199273419121966,0.07934323388433562,3,164,0.010815088367185439,9606,Homo sapiens,"DUSP4;ID3","","R-HSA-203797;R-HSA-9613460;R-HSA-9613451"
R-HSA-9725371,"Nuclear events stimulated by ALK signaling in cancer",2,56,0.003577588960582636,0.008686320235337663,0.07934323388433562,2,32,0.0021102611448166712,9606,Homo sapiens,"GZMB","","R-HSA-9851088;R-HSA-9851084"
R-HSA-9031628,"NGF-stimulated transcription",2,56,0.003577588960582636,0.008686320235337663,0.07934323388433562,2,37,0.002439989448694276,9606,Homo sapiens,"ID3","","R-HSA-9613460;R-HSA-9613451"
R-HSA-380108,"Chemokine receptors bind chemokines",2,57,0.0036414744777358973,0.00898526705677416,0.07934323388433562,1,19,0.0012529675547348984,9606,Homo sapiens,"CCL4;CCL3","","R-HSA-443986"
R-HSA-8854521,"Interaction between PHLDA1 and AURKA",1,4,2.555420686130454E-4,0.009917904235541952,0.07934323388433562,2,2,1.3189132155104195E-4,9606,Homo sapiens,"PHLDA1","","R-HSA-8853429;R-HSA-8853444"
R-HSA-9675132,"Diseases of cellular response to stress",1,4,2.555420686130454E-4,0.009917904235541952,0.07934323388433562,1,3,1.978369823265629E-4,9606,Homo sapiens,"CDK6","","R-HSA-9630795"
R-HSA-9630747,"Diseases of Cellular Senescence",1,4,2.555420686130454E-4,0.009917904235541952,0.07934323388433562,1,3,1.978369823265629E-4,9606,Homo sapiens,"CDK6","","R-HSA-9630795"
R-HSA-75108,"Activation, myristolyation of BID and translocation to mitochondria",1,4,2.555420686130454E-4,0.009917904235541952,0.07934323388433562,1,4,2.637826431020839E-4,9606,Homo sapiens,"GZMB","","R-HSA-139893"
R-HSA-2426168,"Activation of gene expression by SREBF (SREBP)",2,71,0.004535871717881557,0.013639865287721986,0.0954790570140539,2,42,0.0027697177525718808,9606,Homo sapiens,"SQLE","","R-HSA-2426151;R-HSA-1655844"
R-HSA-9754119,"Drug-mediated inhibition of CDK4/CDK6 activity",1,6,3.8331310291956814E-4,0.01484084960876031,0.10388594726132216,1,2,1.3189132155104195E-4,9606,Homo sapiens,"CDK6","","R-HSA-9754129"
R-HSA-1300645,"Acrosome Reaction and Sperm:Oocyte Membrane Binding",1,6,3.8331310291956814E-4,0.01484084960876031,0.10388594726132216,1,3,1.978369823265629E-4,9606,Homo sapiens,"CD9","","R-HSA-1297275"
R-HSA-1655829,"Regulation of cholesterol biosynthesis by SREBP (SREBF)",2,87,0.005558039992333738,0.01997626390328877,0.12448101744855489,2,52,0.0034291743603270903,9606,Homo sapiens,"SQLE","","R-HSA-2426151;R-HSA-1655844"
R-HSA-5668541,"TNFR2 non-canonical NF-kB pathway",2,91,0.0058135820609467835,0.021719931594764597,0.12448101744855489,2,44,0.0029016090741229225,9606,Homo sapiens,"TNFRSF18;TNFRSF9","","R-HSA-8858475;R-HSA-5675947"
R-HSA-198933,"Immunoregulatory interactions between a Lymphoid and a non-Lymphoid cell",3,249,0.015907493771162077,0.024032073373961627,0.12448101744855489,2,44,0.0029016090741229225,9606,Homo sapiens,"KLRB1;KLRD1;KLRC1","","R-HSA-5685606;R-HSA-199062"
R-HSA-157118,"Signaling by NOTCH",3,251,0.016035264805468602,0.024532586497840958,0.12448101744855489,52,154,0.010155631759430229,9606,Homo sapiens,"GZMB;RBPJ","","R-HSA-9021451;R-HSA-9021450;R-HSA-9021325;R-HSA-2976551;R-HSA-4396371;R-HSA-1980047;R-HSA-9016861;R-HSA-2127285;R-HSA-4396379;R-HSA-2197562;R-HSA-4396382;R-HSA-2197564;R-HSA-9013652;R-HSA-2976563;R-HSA-9021480;R-HSA-9018538;R-HSA-9016751;R-HSA-9018542;R-HSA-9604664;R-HSA-9021478;R-HSA-1980078;R-HSA-9013693;R-HSA-9013567;R-HSA-1980067;R-HSA-1980065;R-HSA-9017398;R-HSA-1912415;R-HSA-9013711;R-HSA-9013568;R-HSA-2976742;R-HSA-9604446;R-HSA-1912393;R-HSA-9604550;R-HSA-1912394;R-HSA-9021406;R-HSA-1912388;R-HSA-1912391;R-HSA-9604553;R-HSA-9016916;R-HSA-2976716;R-HSA-9017835;R-HSA-9604471;R-HSA-9021412;R-HSA-9604451;R-HSA-9014141;R-HSA-2197588;R-HSA-9013631;R-HSA-4396347;R-HSA-9014129;R-HSA-9013488;R-HSA-2976726;R-HSA-1912416"
R-HSA-5336415,"Uptake and function of diphtheria toxin",1,10,6.388551715326135E-4,0.024615292226164875,0.12448101744855489,4,5,3.297283038776049E-4,9606,Homo sapiens,"CD9","","R-HSA-5336417;R-HSA-5336420;R-HSA-5336422;R-HSA-5336413"
R-HSA-162582,"Signal Transduction",13,3040,0.1942119721459145,0.028513943400342523,0.12448101744855489,75,2571,0.1695462938538644,9606,Homo sapiens,"DUSP4;IL2RA;RGS16;CCL4;CCL3;ID3;GZMB;SRGAP3;RBPJ;SOX4","","R-HSA-8982025;R-HSA-9021451;R-HSA-8982026;R-HSA-9021450;R-HSA-9021325;R-HSA-749454;R-HSA-9613460;R-HSA-8982017;R-HSA-8982019;R-HSA-2976551;R-HSA-8982018;R-HSA-8982021;R-HSA-8981892;R-HSA-8982020;R-HSA-4396371;R-HSA-392212;R-HSA-9013144;R-HSA-1980047;R-HSA-9016861;R-HSA-2127285;R-HSA-203797;R-HSA-4396379;R-HSA-9613451;R-HSA-749456;R-HSA-2197562;R-HSA-4396382;R-HSA-2197564;R-HSA-9013652;R-HSA-5665608;R-HSA-2976563;R-HSA-9013161;R-HSA-9021480;R-HSA-9018538;R-HSA-9016751;R-HSA-9018542;R-HSA-9604664;R-HSA-380073;R-HSA-9021478;R-HSA-1980078;R-HSA-9013693;R-HSA-9013567;R-HSA-5675373;R-HSA-1980067;R-HSA-1980065;R-HSA-9017398;R-HSA-1912415;R-HSA-9013711;R-HSA-9013568;R-HSA-2976742;R-HSA-9604446;R-HSA-5672965;R-HSA-443986;R-HSA-1912393;R-HSA-9604550;R-HSA-1912394;R-HSA-9021406;R-HSA-1912388;R-HSA-1912391;R-HSA-9604553;R-HSA-9016916;R-HSA-2976716;R-HSA-9017835;R-HSA-9604471;R-HSA-9021412;R-HSA-5626938;R-HSA-9604451;R-HSA-9014141;R-HSA-8982012;R-HSA-2197588;R-HSA-9013631;R-HSA-4396347;R-HSA-9014129;R-HSA-9013488;R-HSA-2976726;R-HSA-1912416"
R-HSA-428543,"Inactivation of CDC42 and RAC1",1,12,7.666262058391363E-4,0.029467014058460528,0.12448101744855489,2,4,2.637826431020839E-4,9606,Homo sapiens,"SRGAP3","","R-HSA-428533;R-HSA-376145"
R-HSA-9020558,"Interleukin-2 signaling",1,14,8.94397240145659E-4,0.03429521843954819,0.12448101744855489,12,19,0.0012529675547348984,9606,Homo sapiens,"IL2RA","","R-HSA-451942;R-HSA-450054;R-HSA-919404;R-HSA-452100;R-HSA-508292;R-HSA-452097;R-HSA-450063;R-HSA-452108;R-HSA-452122;R-HSA-450027;R-HSA-508282;R-HSA-452091"
R-HSA-9725370,"Signaling by ALK fusions and activated point mutants",2,119,0.007602376541238101,0.03556458426996789,0.12448101744855489,2,63,0.004154576628857821,9606,Homo sapiens,"GZMB","","R-HSA-9851088;R-HSA-9851084"
R-HSA-9700206,"Signaling by ALK in cancer",2,119,0.007602376541238101,0.03556458426996789,0.12448101744855489,2,71,0.004682141915061989,9606,Homo sapiens,"GZMB","","R-HSA-9851088;R-HSA-9851084"
R-HSA-202670,"ERKs are inactivated",1,15,9.582827572989204E-4,0.036700536296146,0.12448101744855489,1,2,1.3189132155104195E-4,9606,Homo sapiens,"DUSP4","","R-HSA-203797"
R-HSA-8941856,"RUNX3 regulates NOTCH signaling",1,16,0.0010221682744521816,0.03910001637842497,0.12448101744855489,5,7,4.616196254286468E-4,9606,Homo sapiens,"RBPJ","","R-HSA-1980047;R-HSA-8878243;R-HSA-4396347;R-HSA-8878237;R-HSA-8878220"
R-HSA-9661069,"Defective binding of RB1 mutants to E2F1,(E2F2, E2F3)",1,17,0.001086053791605443,0.04149367248285163,0.12448101744855489,1,1,6.594566077552098E-5,9606,Homo sapiens,"CDK6","","R-HSA-9659782"
R-HSA-9659787,"Aberrant regulation of mitotic G1/S transition in cancer due to RB1 defects",1,17,0.001086053791605443,0.04149367248285163,0.12448101744855489,1,2,1.3189132155104195E-4,9606,Homo sapiens,"CDK6","","R-HSA-9659782"
R-HSA-114608,"Platelet degranulation ",2,141,0.00900785791860985,0.04826257137103518,0.13488684253574768,2,11,7.254022685307306E-4,9606,Homo sapiens,"CD9;CTSW","","R-HSA-481044;R-HSA-481009"
R-HSA-210744,"Regulation of gene expression in late stage (branching morphogenesis) pancreatic bud precursor cells",1,20,0.001277710343065227,0.04863983441829034,0.13488684253574768,1,4,2.637826431020839E-4,9606,Homo sapiens,"RBPJ","","R-HSA-1980047"
R-HSA-76005,"Response to elevated platelet cytosolic Ca2+",2,148,0.00945505653868268,0.05260333651108029,0.13488684253574768,2,14,9.232392508572936E-4,9606,Homo sapiens,"CD9;CTSW","","R-HSA-481044;R-HSA-481009"
R-HSA-449836,"Other interleukin signaling",1,24,0.0015332524116782726,0.058087346092991266,0.13488684253574768,2,17,0.0011210762331838565,9606,Homo sapiens,"CSF1","","R-HSA-9009485;R-HSA-9009488"
R-HSA-9013695,"NOTCH4 Intracellular Domain Regulates Transcription",1,26,0.0016610234459847953,0.06277675918879866,0.13488684253574768,8,9,5.935109469796888E-4,9606,Homo sapiens,"RBPJ","","R-HSA-9604451;R-HSA-9604550;R-HSA-9013693;R-HSA-9604471;R-HSA-9013711;R-HSA-9604664;R-HSA-9604553;R-HSA-9604446"
R-HSA-198753,"ERK/MAPK targets",1,26,0.0016610234459847953,0.06277675918879866,0.13488684253574768,1,7,4.616196254286468E-4,9606,Homo sapiens,"DUSP4","","R-HSA-203797"
R-HSA-350054,"Notch-HLH transcription pathway",1,28,0.001788794480291318,0.06744342126787384,0.13488684253574768,2,2,1.3189132155104195E-4,9606,Homo sapiens,"RBPJ","","R-HSA-212356;R-HSA-350058"
R-HSA-112409,"RAF-independent MAPK1/3 activation",1,28,0.001788794480291318,0.06744342126787384,0.13488684253574768,1,12,7.913479293062516E-4,9606,Homo sapiens,"DUSP4","","R-HSA-5675373"
R-HSA-912526,"Interleukin receptor SHC signaling",1,29,0.0018526799974445793,0.06976825428521394,0.13953650857042788,6,6,3.956739646531258E-4,9606,Homo sapiens,"IL2RA","","R-HSA-508247;R-HSA-453111;R-HSA-912527;R-HSA-913374;R-HSA-453104;R-HSA-913424"
R-HSA-1187000,"Fertilization",1,31,0.001980451031751102,0.07440099122317956,0.14880198244635912,1,9,5.935109469796888E-4,9606,Homo sapiens,"CD9","","R-HSA-1297275"
R-HSA-8934593,"Regulation of RUNX1 Expression and Activity",1,32,0.0020443365489043633,0.07670892183045819,0.15341784366091638,1,19,0.0012529675547348984,9606,Homo sapiens,"CDK6","","R-HSA-8938853"
R-HSA-5620971,"Pyroptosis",1,34,0.002172107583210886,0.08130797380808197,0.15404671781474522,1,23,0.0015167501978369823,9606,Homo sapiens,"GZMB","","R-HSA-9710263"
R-HSA-450282,"MAPK targets/ Nuclear events mediated by MAP kinases",1,35,0.0022359931003641475,0.08359912168122496,0.15404671781474522,1,16,0.0010551305724083356,9606,Homo sapiens,"DUSP4","","R-HSA-203797"
R-HSA-9013508,"NOTCH3 Intracellular Domain Regulates Transcription",1,36,0.0022998786175174087,0.08588470176161922,0.15404671781474522,20,22,0.0014508045370614613,9606,Homo sapiens,"RBPJ","","R-HSA-9021480;R-HSA-9021451;R-HSA-9021450;R-HSA-9018538;R-HSA-9021325;R-HSA-9016751;R-HSA-9018542;R-HSA-9013568;R-HSA-9021412;R-HSA-9021478;R-HSA-9016861;R-HSA-9014141;R-HSA-9013567;R-HSA-9013631;R-HSA-9021406;R-HSA-9014129;R-HSA-9013488;R-HSA-9016916;R-HSA-9013652;R-HSA-9017398"
R-HSA-9687139,"Aberrant regulation of mitotic cell cycle due to RB1 defects",1,36,0.0022998786175174087,0.08588470176161922,0.15404671781474522,1,3,1.978369823265629E-4,9606,Homo sapiens,"CDK6","","R-HSA-9659782"
R-HSA-418594,"G alpha (i) signalling events",3,428,0.02734300134159586,0.09034189332442366,0.15404671781474522,7,74,0.004879978897388552,9606,Homo sapiens,"RGS16;CCL4","","R-HSA-392212;R-HSA-8982012;R-HSA-749454;R-HSA-8982019;R-HSA-749456;R-HSA-380073;R-HSA-8982020"
R-HSA-9675126,"Diseases of mitotic cell cycle",1,38,0.0024276496518239317,0.0904392112148269,0.15404671781474522,1,5,3.297283038776049E-4,9606,Homo sapiens,"CDK6","","R-HSA-9659782"
R-HSA-375276,"Peptide ligand-binding receptors",2,203,0.012968759982112055,0.09096727710548758,0.15404671781474522,1,83,0.005473489844368241,9606,Homo sapiens,"CCL4;CCL3","","R-HSA-443986"
R-HSA-9680350,"Signaling by CSF1 (M-CSF) in myeloid cells",1,41,0.0026193062032837154,0.0972295453458033,0.15404671781474522,14,14,9.232392508572936E-4,9606,Homo sapiens,"CSF1","","R-HSA-389156;R-HSA-389159;R-HSA-9733330;R-HSA-9733331;R-HSA-9817983;R-HSA-9680349;R-HSA-9680348;R-HSA-9818010;R-HSA-9733316;R-HSA-9680385;R-HSA-9680389;R-HSA-9733314;R-HSA-9680388;R-HSA-9733323"
R-HSA-2559585,"Oncogene Induced Senescence",1,42,0.002683191720436977,0.09948199429058202,0.15404671781474522,1,19,0.0012529675547348984,9606,Homo sapiens,"CDK6","","R-HSA-182594"
R-HSA-3769402,"Deactivation of the beta-catenin transactivating complex",1,44,0.0028109627547434997,0.10397047654241964,0.15404671781474522,2,14,9.232392508572936E-4,9606,Homo sapiens,"SOX4","","R-HSA-5665608;R-HSA-5626938"
R-HSA-5675221,"Negative regulation of MAPK pathway",1,49,0.0031303903405098064,0.11509652720005747,0.15404671781474522,1,17,0.0011210762331838565,9606,Homo sapiens,"DUSP4","","R-HSA-5675373"
R-HSA-512988,"Interleukin-3, Interleukin-5 and GM-CSF signaling",1,50,0.0031942758576630676,0.11730552787258619,0.15404671781474522,6,38,0.002505935109469797,9606,Homo sapiens,"IL2RA","","R-HSA-508247;R-HSA-453111;R-HSA-912527;R-HSA-913374;R-HSA-453104;R-HSA-913424"
R-HSA-69231,"Cyclin D associated events in G1",1,52,0.0033220468919695906,0.12170742198912676,0.15404671781474522,11,17,0.0011210762331838565,9606,Homo sapiens,"CDK6","","R-HSA-182594;R-HSA-8941915;R-HSA-9754129;R-HSA-8942607;R-HSA-9018017;R-HSA-69227;R-HSA-8942803;R-HSA-1226094;R-HSA-8942836;R-HSA-1226095;R-HSA-8941895"
R-HSA-69236,"G1 Phase",1,52,0.0033220468919695906,0.12170742198912676,0.15404671781474522,11,17,0.0011210762331838565,9606,Homo sapiens,"CDK6","","R-HSA-182594;R-HSA-8941915;R-HSA-9754129;R-HSA-8942607;R-HSA-9018017;R-HSA-69227;R-HSA-8942803;R-HSA-1226094;R-HSA-8942836;R-HSA-1226095;R-HSA-8941895"
R-HSA-9824272,"Somitogenesis",1,53,0.003385932409122852,0.12390034085835022,0.15404671781474522,6,19,0.0012529675547348984,9606,Homo sapiens,"RBPJ","","R-HSA-9824181;R-HSA-9824196;R-HSA-9824182;R-HSA-9824268;R-HSA-9824222;R-HSA-9824266"
R-HSA-2122947,"NOTCH1 Intracellular Domain Regulates Transcription",1,57,0.0036414744777358973,0.13261879033713697,0.15404671781474522,12,18,0.0011870218939593776,9606,Homo sapiens,"RBPJ","","R-HSA-4396371;R-HSA-1980078;R-HSA-1980047;R-HSA-1912393;R-HSA-1912394;R-HSA-4396347;R-HSA-4396379;R-HSA-1912388;R-HSA-1912391;R-HSA-1980067;R-HSA-4396382;R-HSA-1980065"
R-HSA-5339562,"Uptake and actions of bacterial toxins",1,60,0.0038331310291956815,0.13910209242518046,0.15404671781474522,4,66,0.004352413611184384,9606,Homo sapiens,"CD9","","R-HSA-5336417;R-HSA-5336420;R-HSA-5336422;R-HSA-5336413"
R-HSA-9012852,"Signaling by NOTCH3",1,63,0.004024787580655466,0.14553816811857923,0.15404671781474522,20,37,0.002439989448694276,9606,Homo sapiens,"RBPJ","","R-HSA-9021480;R-HSA-9021451;R-HSA-9021450;R-HSA-9018538;R-HSA-9021325;R-HSA-9016751;R-HSA-9018542;R-HSA-9013568;R-HSA-9021412;R-HSA-9021478;R-HSA-9016861;R-HSA-9014141;R-HSA-9013567;R-HSA-9013631;R-HSA-9021406;R-HSA-9014129;R-HSA-9013488;R-HSA-9016916;R-HSA-9013652;R-HSA-9017398"
R-HSA-418597,"G alpha (z) signalling events",1,63,0.004024787580655466,0.14553816811857923,0.15404671781474522,3,13,8.572935900817726E-4,9606,Homo sapiens,"RGS16","","R-HSA-8982018;R-HSA-8982021;R-HSA-8981892"
R-HSA-5663202,"Diseases of signal transduction by growth factor receptors and second messengers",3,533,0.0340509806426883,0.14660562220121331,0.15404671781474522,14,516,0.03402796096016882,9606,Homo sapiens,"GZMB;RBPJ","","R-HSA-2220964;R-HSA-9851088;R-HSA-2220966;R-HSA-2220971;R-HSA-4396393;R-HSA-4396392;R-HSA-4396402;R-HSA-4396401;R-HSA-2220979;R-HSA-2220981;R-HSA-2220982;R-HSA-2220985;R-HSA-9851084;R-HSA-2220957"
R-HSA-109606,"Intrinsic Pathway for Apoptosis",1,64,0.0040886730978087265,0.1476730899006813,0.15404671781474522,1,63,0.004154576628857821,9606,Homo sapiens,"GZMB","","R-HSA-139893"
R-HSA-186712,"Regulation of beta-cell development",1,67,0.004280329649268511,0.15404671781474522,0.15404671781474522,1,26,0.0017145871801635452,9606,Homo sapiens,"RBPJ","","R-HSA-1980047"
R-HSA-2894862,"Constitutive Signaling by NOTCH1 HD+PEST Domain Mutants",1,68,0.004344215166421772,0.1561609222891227,0.1561609222891227,12,21,0.0013848588762859404,9606,Homo sapiens,"RBPJ","","R-HSA-4396402;R-HSA-4396401;R-HSA-2220979;R-HSA-2220981;R-HSA-2220964;R-HSA-2220966;R-HSA-2220982;R-HSA-2220985;R-HSA-2220971;R-HSA-4396393;R-HSA-4396392;R-HSA-2220957"
R-HSA-2644602,"Signaling by NOTCH1 PEST Domain Mutants in Cancer",1,68,0.004344215166421772,0.1561609222891227,0.1561609222891227,12,21,0.0013848588762859404,9606,Homo sapiens,"RBPJ","","R-HSA-4396402;R-HSA-4396401;R-HSA-2220979;R-HSA-2220981;R-HSA-2220964;R-HSA-2220966;R-HSA-2220982;R-HSA-2220985;R-HSA-2220971;R-HSA-4396393;R-HSA-4396392;R-HSA-2220957"
R-HSA-2894858,"Signaling by NOTCH1 HD+PEST Domain Mutants in Cancer",1,68,0.004344215166421772,0.1561609222891227,0.1561609222891227,12,21,0.0013848588762859404,9606,Homo sapiens,"RBPJ","","R-HSA-4396402;R-HSA-4396401;R-HSA-2220979;R-HSA-2220981;R-HSA-2220964;R-HSA-2220966;R-HSA-2220982;R-HSA-2220985;R-HSA-2220971;R-HSA-4396393;R-HSA-4396392;R-HSA-2220957"
R-HSA-2644606,"Constitutive Signaling by NOTCH1 PEST Domain Mutants",1,68,0.004344215166421772,0.1561609222891227,0.1561609222891227,12,21,0.0013848588762859404,9606,Homo sapiens,"RBPJ","","R-HSA-4396402;R-HSA-4396401;R-HSA-2220979;R-HSA-2220981;R-HSA-2220964;R-HSA-2220966;R-HSA-2220982;R-HSA-2220985;R-HSA-2220971;R-HSA-4396393;R-HSA-4396392;R-HSA-2220957"
R-HSA-2644603,"Signaling by NOTCH1 in Cancer",1,68,0.004344215166421772,0.1561609222891227,0.1561609222891227,12,39,0.002571880770245318,9606,Homo sapiens,"RBPJ","","R-HSA-4396402;R-HSA-4396401;R-HSA-2220979;R-HSA-2220981;R-HSA-2220964;R-HSA-2220966;R-HSA-2220982;R-HSA-2220985;R-HSA-2220971;R-HSA-4396393;R-HSA-4396392;R-HSA-2220957"
R-HSA-9793380,"Formation of paraxial mesoderm",1,69,0.004408100683575033,0.15826997810102017,0.15826997810102017,8,29,0.0019124241624901082,9606,Homo sapiens,"RBPJ","","R-HSA-9824181;R-HSA-9824196;R-HSA-9793383;R-HSA-9824182;R-HSA-9824268;R-HSA-9824222;R-HSA-9793400;R-HSA-9824266"
R-HSA-450294,"MAP kinase activation",1,69,0.004408100683575033,0.15826997810102017,0.15826997810102017,1,32,0.0021102611448166712,9606,Homo sapiens,"DUSP4","","R-HSA-203797"
R-HSA-76002,"Platelet activation, signaling and aggregation",2,293,0.018718456525905577,0.16538833635636063,0.16538833635636063,2,119,0.007847533632286996,9606,Homo sapiens,"CD9;CTSW","","R-HSA-481044;R-HSA-481009"
R-HSA-5218859,"Regulated Necrosis",1,76,0.004855299303647863,0.17289022826757494,0.17289022826757494,1,52,0.0034291743603270903,9606,Homo sapiens,"GZMB","","R-HSA-9710263"
R-HSA-372790,"Signaling by GPCR",4,877,0.05602759854341021,0.17299739118088464,0.17299739118088464,14,392,0.02585069902400422,9606,Homo sapiens,"RGS16;CCL4;CCL3","","R-HSA-8982025;R-HSA-8982026;R-HSA-749454;R-HSA-8982017;R-HSA-8982019;R-HSA-8982018;R-HSA-8982021;R-HSA-380073;R-HSA-8981892;R-HSA-8982020;R-HSA-392212;R-HSA-443986;R-HSA-8982012;R-HSA-749456"
R-HSA-191273,"Cholesterol biosynthesis",1,77,0.004919184820801124,0.17495853195302857,0.17495853195302857,1,37,0.002439989448694276,9606,Homo sapiens,"SQLE","","R-HSA-191299"
R-HSA-448424,"Interleukin-17 signaling",1,78,0.004983070337954386,0.17702179585007927,0.17702179585007927,1,35,0.002308098127143234,9606,Homo sapiens,"DUSP4","","R-HSA-203797"
R-HSA-5673001,"RAF/MAP kinase cascade",2,309,0.019740624800357758,0.1795882084717222,0.1795882084717222,2,75,0.004945924558164073,9606,Homo sapiens,"DUSP4;IL2RA","","R-HSA-5672965;R-HSA-5675373"
R-HSA-9013694,"Signaling by NOTCH4",1,82,0.005238612406567431,0.18522469229925664,0.18522469229925664,8,20,0.0013189132155104195,9606,Homo sapiens,"RBPJ","","R-HSA-9604451;R-HSA-9604550;R-HSA-9013693;R-HSA-9604471;R-HSA-9013711;R-HSA-9604664;R-HSA-9604553;R-HSA-9604446"
R-HSA-5684996,"MAPK1/MAPK3 signaling",2,316,0.020187823420430587,0.18586219854925512,0.18586219854925512,2,82,0.005407544183592719,9606,Homo sapiens,"DUSP4;IL2RA","","R-HSA-5672965;R-HSA-5675373"
R-HSA-1980143,"Signaling by NOTCH1",1,84,0.005366383440873954,0.18929621139135333,0.18929621139135333,12,39,0.002571880770245318,9606,Homo sapiens,"RBPJ","","R-HSA-4396371;R-HSA-1980078;R-HSA-1980047;R-HSA-1912393;R-HSA-1912394;R-HSA-4396347;R-HSA-4396379;R-HSA-1912388;R-HSA-1912391;R-HSA-1980067;R-HSA-4396382;R-HSA-1980065"
R-HSA-212436,"Generic Transcription Pathway",6,1573,0.10049191848208011,0.19324481849991926,0.19324481849991926,14,880,0.05803218148245846,9606,Homo sapiens,"CDK6;IL2RA;TNFRSF18;RBPJ","","R-HSA-8878243;R-HSA-212356;R-HSA-8877391;R-HSA-8877485;R-HSA-8878220;R-HSA-8938853;R-HSA-8877385;R-HSA-350058;R-HSA-1980047;R-HSA-8877493;R-HSA-8877396;R-HSA-8877490;R-HSA-4396347;R-HSA-8878237"
R-HSA-1912408,"Pre-NOTCH Transcription and Translation",1,88,0.005621925509486999,0.19737986358787685,0.19737986358787685,3,28,0.0018464785017145871,9606,Homo sapiens,"RBPJ","","R-HSA-1912415;R-HSA-9017835;R-HSA-1912416"
R-HSA-2559582,"Senescence-Associated Secretory Phenotype (SASP)",1,90,0.005749696543793522,0.20139218429697625,0.20139218429697625,1,22,0.0014508045370614613,9606,Homo sapiens,"CDK6","","R-HSA-182594"
R-HSA-8957322,"Metabolism of steroids",2,335,0.021401648246342553,0.20305022952841278,0.20305022952841278,3,251,0.016552360854655765,9606,Homo sapiens,"SQLE","","R-HSA-191299;R-HSA-2426151;R-HSA-1655844"
R-HSA-9006934,"Signaling by Receptor Tyrosine Kinases",3,634,0.0405034178751677,0.209088544845612,0.209088544845612,3,759,0.050052756528620415,9606,Homo sapiens,"DUSP4;ID3","","R-HSA-203797;R-HSA-9613460;R-HSA-9613451"
R-HSA-5620912,"Anchoring of the basal body to the plasma membrane",1,99,0.006324666198172874,0.21920708168082892,0.21920708168082892,3,9,5.935109469796888E-4,9606,Homo sapiens,"AHI1","","R-HSA-5626681;R-HSA-5617816;R-HSA-5638009"
R-HSA-74160,"Gene expression (Transcription)",7,1990,0.1271321791349901,0.22088371952472285,0.22088371952472285,16,1141,0.07524399894486943,9606,Homo sapiens,"CDK6;IL2RA;TNFRSF18;RBPJ;PHLDA1","","R-HSA-8878243;R-HSA-9843219;R-HSA-212356;R-HSA-8877391;R-HSA-8877485;R-HSA-8878220;R-HSA-8938853;R-HSA-8877385;R-HSA-350058;R-HSA-1980047;R-HSA-8877493;R-HSA-8877396;R-HSA-8877490;R-HSA-4396347;R-HSA-8878237;R-HSA-9843112"
R-HSA-5683057,"MAPK family signaling cascades",2,367,0.023445984795246917,0.2323951436303675,0.2323951436303675,2,122,0.008045370614613558,9606,Homo sapiens,"DUSP4;IL2RA","","R-HSA-5672965;R-HSA-5675373"
R-HSA-8878159,"Transcriptional regulation by RUNX3",1,108,0.006899635852552226,0.23663454211300927,0.23663454211300927,5,47,0.0030994460564494858,9606,Homo sapiens,"RBPJ","","R-HSA-1980047;R-HSA-8878243;R-HSA-4396347;R-HSA-8878237;R-HSA-8878220"
R-HSA-8957275,"Post-translational protein phosphorylation",1,109,0.006963521369705488,0.2385473689743952,0.2385473689743952,1,1,6.594566077552098E-5,9606,Homo sapiens,"CSF1","","R-HSA-8952289"
R-HSA-975871,"MyD88 cascade initiated on plasma membrane",1,109,0.006963521369705488,0.2385473689743952,0.2385473689743952,1,70,0.004616196254286468,9606,Homo sapiens,"DUSP4","","R-HSA-203797"
R-HSA-168176,"Toll Like Receptor 5 (TLR5) Cascade",1,109,0.006963521369705488,0.2385473689743952,0.2385473689743952,1,71,0.004682141915061989,9606,Homo sapiens,"DUSP4","","R-HSA-203797"
R-HSA-168142,"Toll Like Receptor 10 (TLR10) Cascade",1,109,0.006963521369705488,0.2385473689743952,0.2385473689743952,1,71,0.004682141915061989,9606,Homo sapiens,"DUSP4","","R-HSA-203797"
R-HSA-1912422,"Pre-NOTCH Expression and Processing",1,113,0.007219063438318533,0.24615208208528216,0.24615208208528216,3,38,0.002505935109469797,9606,Homo sapiens,"RBPJ","","R-HSA-1912415;R-HSA-9017835;R-HSA-1912416"
R-HSA-2559580,"Oxidative Stress Induced Senescence",1,113,0.007219063438318533,0.24615208208528216,0.24615208208528216,1,40,0.002637826431020839,9606,Homo sapiens,"CDK6","","R-HSA-182594"
R-HSA-73857,"RNA Polymerase II Transcription",6,1715,0.10956366191784322,0.2514659758924612,0.2514659758924612,14,941,0.06205486678976523,9606,Homo sapiens,"CDK6;IL2RA;TNFRSF18;RBPJ","","R-HSA-8878243;R-HSA-212356;R-HSA-8877391;R-HSA-8877485;R-HSA-8878220;R-HSA-8938853;R-HSA-8877385;R-HSA-350058;R-HSA-1980047;R-HSA-8877493;R-HSA-8877396;R-HSA-8877490;R-HSA-4396347;R-HSA-8878237"
R-HSA-975138,"TRAF6 mediated induction of NFkB and MAP kinases upon TLR7/8 or 9 activation",1,116,0.007410719989778317,0.25180700235947684,0.25180700235947684,1,60,0.003956739646531258,9606,Homo sapiens,"DUSP4","","R-HSA-203797"
R-HSA-975155,"MyD88 dependent cascade initiated on endosome",1,117,0.007474605506931579,0.2536827745126733,0.2536827745126733,1,75,0.004945924558164073,9606,Homo sapiens,"DUSP4","","R-HSA-203797"
R-HSA-168164,"Toll Like Receptor 3 (TLR3) Cascade",1,117,0.007474605506931579,0.2536827745126733,0.2536827745126733,1,79,0.005209707201266157,9606,Homo sapiens,"DUSP4","","R-HSA-203797"
R-HSA-168181,"Toll Like Receptor 7/8 (TLR7/8) Cascade",1,121,0.007730147575544624,0.26114014795875296,0.26114014795875296,1,85,0.005605381165919282,9606,Homo sapiens,"DUSP4","","R-HSA-203797"
R-HSA-937061,"TRIF (TICAM1)-mediated TLR4 signaling ",1,122,0.0077940330926978855,0.2629931168429276,0.2629931168429276,1,76,0.005011870218939594,9606,Homo sapiens,"DUSP4","","R-HSA-203797"
R-HSA-166166,"MyD88-independent TLR4 cascade ",1,122,0.0077940330926978855,0.2629931168429276,0.2629931168429276,1,78,0.005143761540490636,9606,Homo sapiens,"DUSP4","","R-HSA-203797"
R-HSA-6803157,"Antimicrobial peptides",1,123,0.007857918609851147,0.2648415575739421,0.2648415575739421,3,58,0.0038248483249802164,9606,Homo sapiens,"GNLY","","R-HSA-6807565;R-HSA-6806732;R-HSA-6807578"
R-HSA-168138,"Toll Like Receptor 9 (TLR9) Cascade",1,124,0.007921804127004408,0.2666854809268646,0.2666854809268646,1,86,0.005671326826694804,9606,Homo sapiens,"DUSP4","","R-HSA-203797"
R-HSA-381426,"Regulation of Insulin-like Growth Factor (IGF) transport and uptake by Insulin-like Growth Factor Binding Proteins (IGFBPs)",1,127,0.008113460678464192,0.27219025409392483,0.27219025409392483,1,14,9.232392508572936E-4,9606,Homo sapiens,"CSF1","","R-HSA-8952289"
R-HSA-373076,"Class A/1 (Rhodopsin-like receptors)",2,414,0.026448604101450203,0.2759607119992764,0.2759607119992764,1,185,0.01219994724347138,9606,Homo sapiens,"CCL4;CCL3","","R-HSA-443986"
R-HSA-166058,"MyD88:MAL(TIRAP) cascade initiated on plasma membrane",1,133,0.00849677378138376,0.28307927467071703,0.28307927467071703,1,76,0.005011870218939594,9606,Homo sapiens,"DUSP4","","R-HSA-203797"
R-HSA-168188,"Toll Like Receptor TLR6:TLR2 Cascade",1,133,0.00849677378138376,0.28307927467071703,0.28307927467071703,1,78,0.005143761540490636,9606,Homo sapiens,"DUSP4","","R-HSA-203797"
R-HSA-168179,"Toll Like Receptor TLR1:TLR2 Cascade",1,136,0.008688430332843545,0.2884640939100588,0.2884640939100588,1,78,0.005143761540490636,9606,Homo sapiens,"DUSP4","","R-HSA-203797"
R-HSA-181438,"Toll Like Receptor 2 (TLR2) Cascade",1,136,0.008688430332843545,0.2884640939100588,0.2884640939100588,1,80,0.005275652862041678,9606,Homo sapiens,"DUSP4","","R-HSA-203797"
R-HSA-9851695,"Epigenetic regulation of adipogenesis genes by MLL3 and MLL4 complexes",1,140,0.00894397240145659,0.29558258756037037,0.29558258756037037,2,38,0.002505935109469797,9606,Homo sapiens,"PHLDA1","","R-HSA-9843219;R-HSA-9843112"
R-HSA-9841922,"MLL4 and MLL3 complexes regulate expression of PPARG target genes in adipogenesis and hepatic steatosis",1,140,0.00894397240145659,0.29558258756037037,0.29558258756037037,2,38,0.002505935109469797,9606,Homo sapiens,"PHLDA1","","R-HSA-9843219;R-HSA-9843112"
R-HSA-9818564,"Epigenetic regulation of gene expression by MLL3 and MLL4 complexes",1,140,0.00894397240145659,0.29558258756037037,0.29558258756037037,2,41,0.0027037720917963597,9606,Homo sapiens,"PHLDA1","","R-HSA-9843219;R-HSA-9843112"
R-HSA-1474165,"Reproduction",1,146,0.009327285504376158,0.3061303941404331,0.3061303941404331,1,44,0.0029016090741229225,9606,Homo sapiens,"CD9","","R-HSA-1297275"
R-HSA-388396,"GPCR downstream signalling",3,796,0.05085287165399604,0.31861145738125685,0.31861145738125685,13,175,0.01154049063571617,9606,Homo sapiens,"RGS16;CCL4","","R-HSA-8982025;R-HSA-8982026;R-HSA-749454;R-HSA-8982017;R-HSA-8982019;R-HSA-8982018;R-HSA-8982021;R-HSA-380073;R-HSA-8981892;R-HSA-8982020;R-HSA-392212;R-HSA-8982012;R-HSA-749456"
R-HSA-9013148,"CDC42 GTPase cycle",1,159,0.010157797227368556,0.3284587586549613,0.3284587586549613,1,6,3.956739646531258E-4,9606,Homo sapiens,"SRGAP3","","R-HSA-9013161"
R-HSA-453279,"Mitotic G1 phase and G1/S transition",1,164,0.010477224813134862,0.336858837234735,0.336858837234735,11,101,0.006660511738327618,9606,Homo sapiens,"CDK6","","R-HSA-182594;R-HSA-8941915;R-HSA-9754129;R-HSA-8942607;R-HSA-9018017;R-HSA-69227;R-HSA-8942803;R-HSA-1226094;R-HSA-8942836;R-HSA-1226095;R-HSA-8941895"
R-HSA-166016,"Toll Like Receptor 4 (TLR4) Cascade",1,166,0.010604995847441385,0.34019012478014987,0.34019012478014987,1,113,0.00745185966763387,9606,Homo sapiens,"DUSP4","","R-HSA-203797"
R-HSA-9758941,"Gastrulation",1,167,0.010668881364594646,0.3418496482910536,0.3418496482910536,8,104,0.006858348720654181,9606,Homo sapiens,"RBPJ","","R-HSA-9824181;R-HSA-9824196;R-HSA-9793383;R-HSA-9824182;R-HSA-9824268;R-HSA-9824222;R-HSA-9793400;R-HSA-9824266"
R-HSA-9917777,"Epigenetic regulation by WDR5-containing histone modifying complexes",1,172,0.010988308950360954,0.35008645170589403,0.35008645170589403,2,68,0.004484304932735426,9606,Homo sapiens,"PHLDA1","","R-HSA-9843219;R-HSA-9843112"
R-HSA-109581,"Apoptosis",1,180,0.011499393087587044,0.3630568497980684,0.3630568497980684,1,142,0.009364283830123978,9606,Homo sapiens,"GZMB","","R-HSA-139893"
R-HSA-9013149,"RAC1 GTPase cycle",1,191,0.01220213377627292,0.38048009600721155,0.38048009600721155,1,6,3.956739646531258E-4,9606,Homo sapiens,"SRGAP3","","R-HSA-9013144"
R-HSA-69275,"G2/M Transition",1,199,0.01271321791349901,0.39285896869936665,0.39285896869936665,2,78,0.005143761540490636,9606,Homo sapiens,"PHLDA1","","R-HSA-8853429;R-HSA-8853444"
R-HSA-2559583,"Cellular Senescence",1,199,0.01271321791349901,0.39285896869936665,0.39285896869936665,1,90,0.005935109469796887,9606,Homo sapiens,"CDK6","","R-HSA-182594"
R-HSA-453274,"Mitotic G2-G2/M phases",1,201,0.012840988947805533,0.3959158303191931,0.3959158303191931,2,80,0.005275652862041678,9606,Homo sapiens,"PHLDA1","","R-HSA-8853429;R-HSA-8853444"
R-HSA-201681,"TCF dependent signaling in response to WNT",1,202,0.012904874464958794,0.3974386323445376,0.3974386323445376,2,71,0.004682141915061989,9606,Homo sapiens,"SOX4","","R-HSA-5665608;R-HSA-5626938"
R-HSA-1280218,"Adaptive Immune System",3,920,0.05877467578100045,0.40420672863246043,0.40420672863246043,2,265,0.017475600105513057,9606,Homo sapiens,"KLRB1;KLRD1;KLRC1","","R-HSA-5685606;R-HSA-199062"
R-HSA-5617833,"Cilium Assembly",1,209,0.013352073085031623,0.40799401044617367,0.40799401044617367,3,50,0.0032972830387760486,9606,Homo sapiens,"AHI1","","R-HSA-5626681;R-HSA-5617816;R-HSA-5638009"
R-HSA-9824439,"Bacterial Infection Pathways",1,209,0.013352073085031623,0.40799401044617367,0.40799401044617367,4,152,0.010023740437879188,9606,Homo sapiens,"CD9","","R-HSA-5336417;R-HSA-5336420;R-HSA-5336422;R-HSA-5336413"
R-HSA-168898,"Toll-like Receptor Cascades",1,210,0.013415958602184884,0.4094871373520831,0.4094871373520831,1,217,0.01431020838828805,9606,Homo sapiens,"DUSP4","","R-HSA-203797"
R-HSA-376176,"Signaling by ROBO receptors",1,222,0.01418258480802402,0.42712093126165973,0.42712093126165973,2,60,0.003956739646531258,9606,Homo sapiens,"SRGAP3","","R-HSA-428533;R-HSA-376145"
R-HSA-168249,"Innate Immune System",4,1334,0.08522327988245065,0.4280073946064811,0.4280073946064811,15,744,0.0490635716169876,9606,Homo sapiens,"DUSP4;KLRC2;GNLY;KLRD1","","R-HSA-2424484;R-HSA-2424486;R-HSA-2424487;R-HSA-2424480;R-HSA-2424482;R-HSA-6807565;R-HSA-2395439;R-HSA-6806732;R-HSA-2395412;R-HSA-210289;R-HSA-203797;R-HSA-2396594;R-HSA-2395801;R-HSA-6807578;R-HSA-2172126"
R-HSA-69278,"Cell Cycle, Mitotic",2,583,0.03724525650035137,0.42908693617419447,0.42908693617419447,13,357,0.023542600896860985,9606,Homo sapiens,"CDK6;PHLDA1","","R-HSA-182594;R-HSA-8853444;R-HSA-9754129;R-HSA-8942607;R-HSA-9018017;R-HSA-69227;R-HSA-8941895;R-HSA-8853429;R-HSA-8941915;R-HSA-8942803;R-HSA-1226094;R-HSA-8942836;R-HSA-1226095"
R-HSA-5357801,"Programmed Cell Death",1,225,0.014374241359483805,0.43144857403653236,0.43144857403653236,2,193,0.012727512529675548,9606,Homo sapiens,"GZMB","","R-HSA-9710263;R-HSA-139893"
R-HSA-500792,"GPCR ligand binding",2,609,0.038906279946336164,0.4513741429978577,0.4513741429978577,1,217,0.01431020838828805,9606,Homo sapiens,"CCL4;CCL3","","R-HSA-443986"
R-HSA-416476,"G alpha (q) signalling events",1,285,0.018207372388679487,0.5116053501034646,0.5116053501034646,3,35,0.002308098127143234,9606,Homo sapiens,"RGS16","","R-HSA-8982025;R-HSA-8982026;R-HSA-8982017"
R-HSA-1640170,"Cell Cycle",2,722,0.046125343384654696,0.5424499381880946,0.5424499381880946,13,457,0.030137166974413085,9606,Homo sapiens,"CDK6;PHLDA1","","R-HSA-182594;R-HSA-8853444;R-HSA-9754129;R-HSA-8942607;R-HSA-9018017;R-HSA-69227;R-HSA-8941895;R-HSA-8853429;R-HSA-8941915;R-HSA-8942803;R-HSA-1226094;R-HSA-8942836;R-HSA-1226095"
R-HSA-195721,"Signaling by WNT",1,318,0.020315594454737112,0.5508808142028032,0.5508808142028032,2,157,0.010353468741756792,9606,Homo sapiens,"SOX4","","R-HSA-5665608;R-HSA-5626938"
R-HSA-1852241,"Organelle biogenesis and maintenance",1,340,0.02172107583210886,0.5753362466765832,0.5753362466765832,3,86,0.005671326826694804,9606,Homo sapiens,"AHI1","","R-HSA-5626681;R-HSA-5617816;R-HSA-5638009"
R-HSA-212165,"Epigenetic regulation of gene expression",1,343,0.021912732383568646,0.5785688698683746,0.5785688698683746,2,119,0.007847533632286996,9606,Homo sapiens,"PHLDA1","","R-HSA-9843219;R-HSA-9843112"
R-HSA-109582,"Hemostasis",2,804,0.05136395579122213,0.6020055411444925,0.6020055411444925,2,342,0.022553415985228174,9606,Homo sapiens,"CD9;CTSW","","R-HSA-481044;R-HSA-481009"
R-HSA-9012999,"RHO GTPase cycle",1,460,0.029387337890500225,0.6875416383282905,0.6875416383282905,2,91,0.006001055130572409,9606,Homo sapiens,"SRGAP3","","R-HSA-9013161;R-HSA-9013144"
R-HSA-422475,"Axon guidance",1,566,0.036159202708745924,0.7622027111785701,0.7622027111785701,2,295,0.019453969928778687,9606,Homo sapiens,"SRGAP3","","R-HSA-428533;R-HSA-376145"
R-HSA-9675108,"Nervous system development",1,602,0.038459081326263335,0.7833578037879392,0.7833578037879392,2,321,0.02116855710894223,9606,Homo sapiens,"SRGAP3","","R-HSA-428533;R-HSA-376145"
R-HSA-1643685,"Disease",5,2651,0.16936050597329586,0.8133593483968494,0.8133593483968494,20,1938,0.12780269058295965,9606,Homo sapiens,"CDK6;CD9;GZMB;RBPJ","","R-HSA-2220964;R-HSA-9851088;R-HSA-2220966;R-HSA-2220971;R-HSA-4396393;R-HSA-4396392;R-HSA-5336413;R-HSA-5336417;R-HSA-4396402;R-HSA-4396401;R-HSA-2220979;R-HSA-2220981;R-HSA-5336420;R-HSA-9659782;R-HSA-5336422;R-HSA-2220982;R-HSA-2220985;R-HSA-9630795;R-HSA-9851084;R-HSA-2220957"
R-HSA-194315,"Signaling by Rho GTPases",1,708,0.04523094614450904,0.8355495632679324,0.8355495632679324,2,203,0.013386969137430756,9606,Homo sapiens,"SRGAP3","","R-HSA-9013161;R-HSA-9013144"
R-HSA-9716542,"Signaling by Rho GTPases, Miro GTPases and RHOBTB3",1,724,0.046253114418961225,0.8422780350454366,0.8422780350454366,2,212,0.013980480084410446,9606,Homo sapiens,"SRGAP3","","R-HSA-9013161;R-HSA-9013144"
R-HSA-556833,"Metabolism of lipids",2,1500,0.09582827572989204,0.8990303197480897,0.8990303197480897,3,993,0.06548404115009232,9606,Homo sapiens,"SQLE","","R-HSA-191299;R-HSA-2426151;R-HSA-1655844"
R-HSA-2262752,"Cellular responses to stress",1,1039,0.06637705232223855,0.931342309133791,0.931342309133791,1,521,0.03435768926404643,9606,Homo sapiens,"CDK6","","R-HSA-182594"
R-HSA-1266738,"Developmental Biology",2,1719,0.10981920398645627,0.9377806073056796,0.9377806073056796,11,910,0.06001055130572408,9606,Homo sapiens,"SRGAP3;RBPJ","","R-HSA-9824181;R-HSA-9824196;R-HSA-1980047;R-HSA-9793383;R-HSA-428533;R-HSA-9824182;R-HSA-376145;R-HSA-9824268;R-HSA-9824222;R-HSA-9793400;R-HSA-9824266"
R-HSA-8953897,"Cellular responses to stimuli",1,1155,0.07378777231201687,0.9496835610947917,0.9496835610947917,1,603,0.039765233447639145,9606,Homo sapiens,"CDK6","","R-HSA-182594"
R-HSA-5663205,"Infectious disease",1,1513,0.09665878745288443,0.9810232802248078,0.9810232802248078,4,998,0.06581376945396993,9606,Homo sapiens,"CD9","","R-HSA-5336417;R-HSA-5336420;R-HSA-5336422;R-HSA-5336413"
R-HSA-597592,"Post-translational protein modification",1,1661,0.1061138439915671,0.9874105650576888,0.9874105650576888,1,594,0.03917172250065946,9606,Homo sapiens,"CSF1","","R-HSA-8952289"
R-HSA-392499,"Metabolism of proteins",1,2353,0.15032262186162396,0.9982585613733814,0.9982585613733814,1,887,0.0584938011078871,9606,Homo sapiens,"CSF1","","R-HSA-8952289"
R-HSA-1430728,"Metabolism",2,3752,0.2396984603590366,0.9996965049890328,0.9996965049890328,3,2354,0.15523608546557638,9606,Homo sapiens,"SQLE","","R-HSA-191299;R-HSA-2426151;R-HSA-1655844"
